,자산,비유동자산,유형자산,유동자산,재고자산,매출채권,자본,자본금,자본잉여금,기타포괄손익누계액,이익잉여금,부채,비유동부채,장기차입금,유동부채,단기차입금,매출액,매출원가,판매비와관리비,감가상각비,영업이익,영업외수익,영업외비용,이자보상배율,법인세비용차감전손익,법인세비용,당기순이익,기초자본금,영업활동으로 인한 현금흐름,투자활동으로 인한 현금흐름,재무활동으로 인한 현금흐름,종업원,차입금,이자비용,매출총이익률,영업이익률,순이익률,부채비율,유동부채비율,비유동부채비율,유동비율,금융비용부담률,자본유보율,자본잠식률,ROE,ROA,ROIC,매출액증가율,영업이익증가율,순이익증가율,총자산증가율,유동자산증가율,유형자산증가율,자기자본증가율,총자산회전율,자기자본회전율,순운전자본회전율,유형자산회전율,매출채권회전율,부채 대비 영업활동으로 인한 현금흐름,부채 대비 투자활동으로 인한 현금흐름,부채 대비 재무활동으로 인한 현금흐름,DSRI,GMI,AQI,SGI,DEPI,SGAI,LVGI,TATA,Beneish M-Score
자산,1.0,0.9901105754894987,0.9747566462246888,0.961947737661559,0.8893812688215931,0.9230005319467474,0.9751846977128366,0.7055882851613084,0.8690037134732941,0.28182065396347783,0.8992431635041503,0.986522523959593,0.9692942688027677,0.808273678616081,0.9719291361773371,0.8717250609265922,0.9652614902118694,0.9139383258681852,0.8360453226795487,0.675963885594837,0.9362850681533721,0.8136273807825266,0.8515962108389447,-0.004360891600022331,0.8907935728633863,0.8801430711755079,0.8680887531092483,0.7205710303608053,0.8842810424570805,-0.9296894341124775,0.07738346473196914,0.6568101381369232,0.838677419980702,0.8888067955565163,0.0017017760016501012,0.015646356531339434,0.015155484009087613,-0.000373658792074903,-0.00032139641028826793,-0.0001914295957173633,-0.0013954408816824583,-0.01318310830921878,0.02671405228793361,-0.03930334215825195,0.00010483940229150262,0.004500737502676095,0.00026593712139249203,-0.0001813913410079135,-0.0007177194973404747,-0.00044997360464304553,0.008845796635497597,0.0015767864791820972,-0.001997321353488235,-0.0026647950581259157,-0.015020233734064624,-0.0002255684194475356,0.0031433164612547446,-0.007652375797130068,-0.01706462069345216,0.015523242526438124,0.009359729267002414,-0.02079618075546516,-0.004016505976958222,0.029085199512038494,-0.002624138462092558,0.0018154991214551523,0.00017608337347516806,0.005635004451481758,0.02936071854611332,-0.013087200755914848,-0.0031287631730746997
비유동자산,0.9901105754894987,1.0,0.9785809930892898,0.9257989545459951,0.843239056826601,0.901338227597245,0.9662951008341123,0.691713672274516,0.8644934736972005,0.3116315637161346,0.8975029360854859,0.9735400110283389,0.976320271481414,0.7958709399497733,0.947221963779491,0.8392884550370562,0.936963547021576,0.8724783864303697,0.8425871036990162,0.7064855875069458,0.9182208370242491,0.7793831502205385,0.8236177215381427,-0.004447245104590674,0.8694348000120767,0.8618597974904747,0.8484767781792326,0.7052035927852649,0.883688914227317,-0.9211675231776842,0.05936661454304092,0.6248737328644803,0.803903992532067,0.8930192885676584,0.0016021404448002111,0.016771305974652453,0.016349588349022365,-0.0003685517829454766,-0.00035378738770197333,-0.0001289016300284079,-0.0033982923947840147,-0.014660499616040793,0.028978996381728187,-0.04198551761876135,0.00012086026191438043,0.0035840072388920196,0.00026588109670143883,-0.0003032517991430876,-0.0008130013346094892,-0.00044089468435255254,0.007351526152423594,0.0016449310993979856,-0.0022920377472970778,-0.0029048562959014096,-0.017388716840719198,-0.0001900586449684598,0.002999258685703295,-0.008454188621447412,-0.016050308890511636,0.016872869962541063,0.007080723565901065,-0.020554329865804168,-0.0041416261284938855,0.02885167012349524,-0.0023289522565207903,0.0016706930795533535,0.00023615694432694775,0.0057915529685163706,0.029129157452197234,-0.01605912773639487,-0.0028551952758000387
유형자산,0.9747566462246888,0.9785809930892898,1.0,0.9214230444727861,0.8582690817095914,0.9102533905481471,0.9358626068152038,0.7191631291708699,0.8421875524057029,0.32196530492157105,0.8664998326128392,0.9710157706796979,0.9722887115969001,0.8023040520315691,0.9470572109252668,0.8528737308942757,0.9422599507342159,0.888752363750903,0.806375668893399,0.6696414108653904,0.9105591357050039,0.7939703560977536,0.8366510041530971,-0.005022840209430852,0.8506326775320882,0.8394920364110653,0.8290552126760038,0.7330127197705787,0.8701607448532559,-0.912531877191123,0.07052219720618037,0.6281645242427034,0.808532177063362,0.9037959608347588,0.0017918935266495058,0.016468380923506918,0.015984262718199443,-0.0004272440650861042,-0.00035482550640375185,-0.00023938877105973363,-0.003486759887601322,-0.014920150106376009,0.01968548905590756,-0.030718659177286896,0.00011933568412764953,0.0031740993351047236,0.000265292962232128,-0.0002554004745491429,-0.0008193659420097831,-0.0004001324179513299,0.005634012403766258,0.0008684325714522222,-0.002555644839994983,-0.0032650054059391617,-0.016220385471453776,-0.0002616917252303546,0.0041464448653869765,-0.01125393105196788,-0.016476732637218855,0.016771311242203598,0.006377555342841462,-0.019765656293371035,-0.00430182489000868,0.02763135019352163,-0.0019286207800466102,0.0016533134232149284,-0.00020215120205784926,0.00495306753957918,0.027649323388706272,-0.0168541077880327,-0.002482893075333542
유동자산,0.961947737661559,0.9257989545459951,0.9214230444727861,1.0,0.9459599653433587,0.9407257824269488,0.940299497349496,0.6826090976863303,0.8340101605408249,0.24758798325120718,0.8580250540950989,0.9492975630144623,0.9088409731899197,0.7755541612121941,0.973887560648378,0.9069421054208724,0.9758162117804432,0.9470274585193974,0.805404075100527,0.6155780187514779,0.9225187879007328,0.8259423107757755,0.8521831511767975,-0.004506507907448211,0.8786960338603497,0.8655748362445218,0.8547552562084398,0.6974120329168649,0.8321927967545435,-0.8849149085817275,0.10321997458263557,0.6623965912972132,0.8501493574725589,0.8341433236520389,0.001936510276025539,0.01420968718490378,0.013582911438633098,-0.00039657347179276105,-0.00027523816950140333,-0.0003103692135402526,0.0023754783122454026,-0.011001621566557497,0.023685576918976468,-0.03494198388762683,7.951654393724942e-05,0.006733939872231118,0.00027991775489903404,3.962534855525993e-05,-0.0005416645557651328,-0.00047632399034838903,0.012209168004840936,0.001520210900284467,-0.0015794015966581053,-0.0022029120288832595,-0.010822834811118585,-0.00029699136810711557,0.0037753054841622533,-0.006672228190633219,-0.019690869624483853,0.014273784390500949,0.013494416619450599,-0.021989374485417854,-0.003912114009045403,0.03069273403529213,-0.0032502785491347152,0.0021584096624146527,8.282724628591031e-05,0.0055836118741419425,0.03097673885226602,-0.007960656007110972,-0.0037309220760949778
재고자산,0.8893812688215931,0.843239056826601,0.8582690817095914,0.9459599653433587,1.0,0.874558758429667,0.8748571379915225,0.6555829259435642,0.7709395645190552,0.2356226256810991,0.7835581400691679,0.8781092879874474,0.8237832588294413,0.7659412934392106,0.9128482755015395,0.9021704486074197,0.9266283969053528,0.937010984279242,0.6857343726532537,0.4797326692886085,0.8503087106613466,0.782473548793266,0.7947771850189947,-0.004223371689043647,0.8122928709722681,0.787803521773657,0.7920908672734215,0.6687109432571857,0.728747066422403,-0.7959731372144029,0.11733373573359257,0.6431397846738064,0.844192343395838,0.7541611926199113,0.0013702420312625366,0.00150156525091908,0.000555858799383219,-0.000535807002290695,-0.0004411702411796879,-0.0003065628368699423,0.007843339764270239,0.0011648795226560703,0.010189001035240536,-0.02170097628503555,0.0002383627737688106,0.0013953468211072636,0.00030926477021615454,0.00034813627689059045,0.00026019602718629464,-0.00039025336071599225,0.010902628645266263,0.0009286971960779931,-0.00046987207671542837,-0.0020115579095592332,-0.013991303458088212,-0.0003177948115163941,0.004534141958150317,0.001811362982429226,-0.01200376871215537,-0.0026557759789996673,0.020939820396498297,-0.01660538047370967,-0.0018880684218445037,0.0232777357837255,-0.002854198286329611,0.002004843514393961,-4.421098660938512e-05,0.004140960742027992,0.02464247395064037,0.007092302178419181,-0.0030660491392383265
매출채권,0.9230005319467474,0.901338227597245,0.9102533905481471,0.9407257824269488,0.874558758429667,1.0,0.8770728526869193,0.678668652532388,0.7779235674227438,0.2891531823687729,0.7976277772520443,0.9264191183866448,0.9003914350353338,0.7268585527485544,0.928786549987689,0.8796761518083752,0.9418321020018877,0.9087568197774015,0.7399930025821804,0.5769024897262977,0.887841396544463,0.8141962834966017,0.8549759991807274,-0.005291448108270982,0.8234787138147144,0.8060080161380396,0.8042550476144658,0.6917725749550182,0.8312457965239384,-0.8552627428143063,0.04138326159766412,0.5969856776682609,0.7876528387101202,0.8731055982505898,0.002637716217706367,0.026622909259166404,0.025832653194440135,-0.0005642985629899194,-0.0004679252546045881,-0.00031729086296330966,-0.00450053943039193,-0.022424866435639176,0.020377494986682006,-0.03019645179238458,0.00016756916213602814,0.009493911344042429,0.00039314311521348045,0.0001637574073011838,-0.000821711321963493,-0.0005332057867510276,0.01410324312992738,0.0012998184449066806,-0.002658298010243576,-0.0021289273013976205,-0.00107905431453032,-0.00033738374630839466,0.005920897129384553,-0.012969007067553788,-0.027753566734245973,0.018048980616913287,0.01794874065478813,-0.030436973147262434,-0.005463067202979805,0.03981937325773096,-0.0035790265204978986,0.002878832312678743,-9.444264467357696e-05,0.007160676199395971,0.039101363666604994,-0.015156754194086009,-0.0042652400452443725
자본,0.9751846977128366,0.9662951008341123,0.9358626068152038,0.940299497349496,0.8748571379915225,0.8770728526869193,1.0,0.6864183087324399,0.8808119810087751,0.28092948390286343,0.9368907959867554,0.9304232454154907,0.9181286639147753,0.7904130338571127,0.9294457067649115,0.8100056043978789,0.9280457676791254,0.8655877467331982,0.8465436409915869,0.6932730860955288,0.9387069086309406,0.7865915137898798,0.8148112411292765,-0.004069501540535583,0.918993639000913,0.9016646240383036,0.8980831506423552,0.7015356819219661,0.8883992468552749,-0.9209440096045421,0.04106619008788469,0.6448988537511883,0.7992626417141128,0.8218129684989459,0.0021129183555020255,0.021366137009737402,0.020852835883467254,-0.00047105403619851494,-0.0003906126311684421,-0.00026485141314771323,-0.003446697453907139,-0.018444977516898976,0.03586626280495396,-0.04884968044711054,0.00013473624914976887,0.010666738655754954,0.0003130997622126101,-0.00032296611914960245,-0.0008620316868851728,-0.0004577951189011584,0.008948137100624766,0.0014380062154254467,-0.002379420917684784,-0.0025259888936203898,-0.015635427742806938,-0.00029785164187997194,0.001913126206331954,-0.010433335237135589,-0.02063208528228178,0.026947694840045947,0.005257735451465439,-0.025614315100200548,-0.004575884042232289,0.03396555644451028,-0.002913288044868317,0.002026152535319747,0.0004281429175918093,0.007015740617515008,0.03406598618403359,-0.015394810857575091,-0.0034893857558387802
자본금,0.7055882851613084,0.691713672274516,0.7191631291708699,0.6826090976863303,0.6555829259435642,0.678668652532388,0.6864183087324399,1.0,0.6395140401984393,0.17395381534318247,0.6591552728072468,0.7015718533597219,0.6916536431022737,0.5685909134306513,0.6976874129466779,0.6086544040990846,0.679837577589998,0.6241160724531349,0.6301678392965909,0.45351316730187413,0.7183866836566807,0.6959931796220136,0.7005618990331783,-0.006028170353934605,0.6813439532440678,0.6602988260249454,0.6646044642260165,0.9745458609173734,0.6379097883985969,-0.6758829672077863,0.04141563284839477,0.6091985872830675,0.6306097268625884,0.6657565539202169,0.002326314181049511,0.0148122188728839,0.014445661761737939,-0.0006827349596560226,-0.0005657786999419594,-0.000384392270582875,-0.0005177298305409494,-0.01692415549598811,-0.011127351242782243,0.010391104173170821,0.00019383141571326817,0.0011066340780590816,0.00048116853139787793,-0.0007173644477345413,-0.0010777905626168191,-0.0007075683935216992,-0.004255004985073979,0.0006163107712445326,-0.003141234321709668,-0.006957589611203121,-0.022694473069195902,-0.0004168933716708543,0.004071236391087271,-0.00984147506736974,-0.018610613108937905,0.023809930861574513,0.0007005862331002545,-0.01872041187127369,-0.005093670472604879,0.02514987805316018,-0.0015407349421604007,0.0010360753350314945,0.0005065212420889302,0.004253617898591491,0.026328026581114564,-0.021852136319359835,-0.002208657951419423
자본잉여금,0.8690037134732941,0.8644934736972005,0.8421875524057029,0.8340101605408249,0.7709395645190552,0.7779235674227438,0.8808119810087751,0.6395140401984393,1.0,0.2717304663965294,0.7736960523421778,0.8320279889857062,0.8153916422427978,0.7009050960634244,0.844657487865587,0.7454947144573596,0.8282865421169275,0.7735722603740584,0.7746340028673728,0.6255126985721083,0.8483341723500512,0.7451691306899548,0.7735986045936404,-0.004965235755653648,0.8129661883237073,0.8106568724770578,0.792398241706879,0.6480310368540498,0.7827036217890265,-0.8215919763704935,0.08142963706016736,0.6213616350502658,0.7030143525110841,0.7418571665796928,0.0015411472606934695,0.019699686988243648,0.019243044071515423,-0.000464627241184968,-0.0003852918400840493,-0.0002612129239321842,-0.003363348877849574,-0.016630330457011556,0.028773689553940857,-0.03393442354486288,0.00012575748811060366,0.0008051977796075989,0.00024011916577983716,0.00019688163548674375,-0.0006814704561718167,-0.0004762935225530907,0.010149584103050915,0.0011336734420271208,-0.0024886167853760115,-0.002741383563531739,-0.020626013338906457,-0.0003000051755219926,0.008991757375516619,-0.009540918595413356,-0.019123422217841596,0.020311337538947014,0.0008891189455322546,-0.01582201413552642,-0.004758157982938675,0.018456033829771037,-0.0030376879928415887,0.0014706453443665086,-5.507645381945322e-05,0.0033654044200676575,0.02155998552957275,-0.01796834657247286,-0.003636604628494511
기타포괄손익누계액,0.28182065396347783,0.3116315637161346,0.32196530492157105,0.24758798325120718,0.2356226256810991,0.2891531823687729,0.28092948390286343,0.17395381534318247,0.2717304663965294,1.0,0.24548479175367596,0.2620877106121595,0.2881525354933708,0.2157010589007803,0.2399783037790921,0.2422883515422611,0.24251112016447196,0.22966882608084704,0.2077248607937882,0.22787063091982349,0.22869937751930278,0.2460947975784082,0.2195337911302829,-0.0026329045626515167,0.21331894696858716,0.18847435911366694,0.21554467561643487,0.17845009670584216,0.21924208308844634,-0.2590890170749328,0.10502973607761304,0.16666882776239644,0.14626834226301216,0.23566598974907227,0.0013673869195806724,0.012910603199864588,0.012675920717575584,-0.0003029741849110956,-0.0002512357866838265,-0.00017032473349144205,-0.002533479152225865,-0.010780614632375203,0.013409050625131527,-0.027768289708013188,8.250212147237104e-05,0.00033882314683519616,0.00017581093197357209,-0.0004035867553592949,-0.0006825454744080804,0.00012733107686513666,0.010001865664153026,0.0031468215074309225,-0.001656766318958638,0.003328545333217358,-0.013523995004524409,-0.0001935704778354136,0.0007400986114547623,-0.006487868676071799,-0.011299086056502658,0.007225759909121543,0.008140977791345226,-0.013737822117775213,-0.002647541662344391,0.022731245854487075,-0.0014428949320618861,0.0011608764732678287,7.579522580244829e-05,0.004320442800277458,0.02125713027735165,-0.008032597287729495,-0.001780014310698927
이익잉여금,0.8992431635041503,0.8975029360854859,0.8664998326128392,0.8580250540950989,0.7835581400691679,0.7976277772520443,0.9368907959867554,0.6591552728072468,0.7736960523421778,0.24548479175367596,1.0,0.8463001507295279,0.8485424448178157,0.6709501678841071,0.8356167460298092,0.7033860623678349,0.8430083218300874,0.7576951598464909,0.829735101386969,0.6978123920754377,0.8870159135473344,0.6849533057993015,0.7150965784358235,-0.003299945827273312,0.878664732977977,0.8554714724266121,0.8690385434755765,0.6788815808021771,0.8452416382681801,-0.8586473259422899,-0.02511893624666724,0.6381630399676634,0.7103651118960601,0.7465385991442316,0.00239061272326419,0.022789262356921667,0.02224030828547985,-0.00045277717279874354,-0.0003754830677275926,-0.00025452603987287186,-0.0036832931132070776,-0.01948037900573466,0.041986402815270434,-0.043486311614734624,0.0001342016765489131,0.01819929583493889,0.00030757235553886917,-0.0007238153227638979,-0.0009574998128454527,-0.00042634372904312045,0.0037003441513382305,0.0005526209880143967,-0.002188751847134668,-0.0032137879464115026,-0.012387307011961987,-0.0002851936053025379,-0.0005728063163250403,-0.01110208018897748,-0.021423074850758447,0.033019509364112395,0.005322593565072634,-0.030472861661506267,-0.004273719380961877,0.04201875051848113,-0.0029775571800782015,0.0021424101916120673,0.0005225359052011152,0.009004762607016574,0.04057167474894091,-0.012790132613433633,-0.003511596322875493
부채,0.986522523959593,0.9735400110283389,0.9710157706796979,0.9492975630144623,0.8781092879874474,0.9264191183866448,0.9304232454154907,0.7015718533597219,0.8320279889857062,0.2620877106121595,0.8463001507295279,1.0,0.9745245553459316,0.8063742538589838,0.9770239493110408,0.8926897708532139,0.9657058055244465,0.9280071094867507,0.8065857775774453,0.6403331314392712,0.907677852394313,0.8122452786858168,0.8559780043026312,-0.004431932174517503,0.8475897002426374,0.8396699183817243,0.8241357336675252,0.7164918440426301,0.8567289448250092,-0.9108631306529266,0.09292110254470115,0.6659465960925037,0.8571160680974954,0.9081778276782697,0.001313706844484186,0.010946573737013791,0.01049503585922828,-0.00028754210441186165,-0.00025722219449159436,-0.00013132251491737465,5.827434862852525e-05,-0.008907687434320636,0.0184221094886544,-0.030667490002924694,7.901798932890431e-05,-8.779500408555673e-05,0.00021988089550152538,-7.001955995920899e-05,-0.0005897114534526781,-0.0004210611410257248,0.008013168684792111,0.0016051315871172815,-0.001639364713083837,-0.002677019254335856,-0.01377755578291948,-0.00016460073321317758,0.0037920300585947246,-0.00535235580848907,-0.013784998887212593,0.00653016743554326,0.011967103154068756,-0.016461495482856445,-0.003492367584144509,0.024273846721888787,-0.0022946563614176124,0.0015941881219845536,-1.4595972735301802e-05,0.00442103711529379,0.024679265831260445,-0.010943994700874066,-0.0027332268286495683
비유동부채,0.9692942688027677,0.976320271481414,0.9722887115969001,0.9088409731899197,0.8237832588294413,0.9003914350353338,0.9181286639147753,0.6916536431022737,0.8153916422427978,0.2881525354933708,0.8485424448178157,0.9745245553459316,1.0,0.8195676146080868,0.9342066838741578,0.8300145267140339,0.924107929531671,0.8636116758688057,0.8096280046645267,0.6736743844618981,0.8851250768508047,0.7705542463420771,0.8203645625516531,-0.004604270960724903,0.8242973169912248,0.8164407311130579,0.8027587795773428,0.7044921361092032,0.8502266814474095,-0.8970667599772226,0.08949948278533716,0.5883934220045642,0.8076591566245163,0.9234801750682233,0.0010738837779482805,0.007508124557101269,0.007152289850255562,-0.0002645327177216998,-0.00033884010737319186,4.560388488579053e-05,0.006061590887262288,-0.006324095566813009,0.019817597046092976,-0.030604990710027296,0.00014490326951438717,-0.0021335168313383326,0.00025111298933414976,-0.0002500471457401981,-0.0006662186321500676,-0.00042439885801823864,0.006003099406662984,0.0013061207391220856,-0.0017249813489825943,-0.00329325266690437,-0.01929032483990247,-5.762075305442068e-05,0.004357209875322132,-0.002890746805845286,-0.010519129125959915,0.0043606643425485765,0.009559267730449381,-0.012665323413321933,-0.0034788198322914803,0.021087361137414638,-0.0019183663577084847,0.0012101844243383511,-0.0001671592790330819,0.0037977595525600263,0.022043438414478686,-0.009985452195903466,-0.002360984512180123
장기차입금,0.808273678616081,0.7958709399497733,0.8023040520315691,0.7755541612121941,0.7659412934392106,0.7268585527485544,0.7904130338571127,0.5685909134306513,0.7009050960634244,0.2157010589007803,0.6709501678841071,0.8063742538589838,0.8195676146080868,1.0,0.7958728238853395,0.7368607303484587,0.7799953523796833,0.7721596925016453,0.5900054856086363,0.4208374921152914,0.7360904864529231,0.6482908370908336,0.689333057975139,-0.007693199861137825,0.6899978888181643,0.6827172008286345,0.6715045063151891,0.5704845375272217,0.6558286107308023,-0.7413978420846212,0.20622033275660068,0.40325641675867335,0.7916464051939237,0.750560575816676,-0.0005160981517014731,-0.017633984594148697,-0.017785254304087835,-3.692447356076391e-05,-0.0005657589413418809,0.0008498867710057306,0.03416822348338148,0.01484644247145011,0.00904666363086581,-0.02394189091248611,0.0003304122017272454,-0.011034281971490213,0.0005481154599418998,-1.1059822453889519e-07,-0.00033834959811256837,-0.0004730341000500768,0.016663054631812387,0.002237903458050918,-0.0015022246884032365,-0.00230042530394565,-0.03713331503330901,0.00046290523988254157,0.007581569072179211,0.012922561891595135,0.0022261654342465007,-0.014290547015151256,0.0049213449791883895,0.006653458204371941,-0.0033650745931787423,0.004687230197807123,-0.0011051346543447839,0.00040390854673247106,-0.0005322771698895769,0.0007670632485913472,0.009682959088711038,0.003317299875816723,-0.001545023273159783
유동부채,0.9719291361773371,0.947221963779491,0.9470572109252668,0.973887560648378,0.9128482755015395,0.928786549987689,0.9294457067649115,0.6976874129466779,0.844657487865587,0.2399783037790921,0.8356167460298092,0.9770239493110408,0.9342066838741578,0.7958728238853395,1.0,0.9297041066080637,0.9788583077147791,0.9433812823034853,0.8300641744141255,0.6505681193717016,0.9143167371644648,0.8386688724493885,0.8702569444092411,-0.004714316558024907,0.8624543171619204,0.8553705208899077,0.8378151290627681,0.7112823177307456,0.8390692312701683,-0.8952262160514872,0.10608179466331738,0.6817344914635061,0.871078363868559,0.873518149622028,0.0016094205262475736,0.014415929111489438,0.013845310971184702,-0.0003310244330447737,-0.00021661724445749505,-0.0002804958343597851,-0.004341507973674088,-0.011486485962633885,0.019647397736646165,-0.03269709040478094,3.251168521095921e-05,0.0018147842272159356,0.00022116547567131495,9.503853964588304e-05,-0.0005432105903990005,-0.000438776332913171,0.011711130411217687,0.0021012994265076027,-0.0016832479849782141,-0.0022792628034623945,-0.010586751000507098,-0.00026281082150171695,0.004276375313135139,-0.007721758193834019,-0.017704456748869418,0.009037456084167093,0.014945689438050778,-0.020849392674328712,-0.0037521965355111248,0.028659204879821022,-0.0028353506773525217,0.0020460397192823467,8.1339624143893e-05,0.005226521021692891,0.028866859271971867,-0.01229252226409037,-0.0033007609719209016
단기차입금,0.8717250609265922,0.8392884550370562,0.8528737308942757,0.9069421054208724,0.9021704486074197,0.8796761518083752,0.8100056043978789,0.6086544040990846,0.7454947144573596,0.2422883515422611,0.7033860623678349,0.8926897708532139,0.8300145267140339,0.7368607303484587,0.9297041066080637,1.0,0.9197518877058142,0.9290066857998764,0.6921026061740403,0.49121952921847384,0.8156246907435412,0.7887600806921604,0.8148023182199887,-0.005574082728285304,0.7490305448492584,0.7355506244479788,0.7280931285881201,0.6195993416064977,0.6949531917819259,-0.7875887403372555,0.18636419418335334,0.6370247012526836,0.8646840574956466,0.8048370019134098,0.00042955246879321354,0.0006609716957011601,0.0003273259352705587,2.1836785036748876e-05,0.00023844971215930473,-0.0003466234480236359,-0.0055071662405322035,0.0017436798657824476,0.013215034098064668,-0.027306244692275418,-0.0003021608611699417,-0.003892069986419078,8.785855468679903e-05,9.279058381437183e-05,-0.0005715440538489048,-0.00043148547665546234,0.014564344261855546,0.003911914409662911,-0.0008295714595734204,-0.002785962360271026,-0.014537337566712492,-0.00021748739338183103,0.004604941136040412,-0.00363560444795561,-0.013137923981318153,-0.00697387057688317,0.01647492998179817,-0.010435304490597085,-0.0029301741585930287,0.02495076563095097,-0.002774549727272591,0.0018338583884819576,-0.0001462553812419738,0.00514366040552615,0.027467230217759823,-0.0003553146121114632,-0.00312922955891899
매출액,0.9652614902118694,0.936963547021576,0.9422599507342159,0.9758162117804432,0.9266283969053528,0.9418321020018877,0.9280457676791254,0.679837577589998,0.8282865421169275,0.24251112016447196,0.8430083218300874,0.9657058055244465,0.924107929531671,0.7799953523796833,0.9788583077147791,0.9197518877058142,1.0,0.9744477291446428,0.8061507532217389,0.6278979423802931,0.9274832063679113,0.8430281726817966,0.871711938089109,-0.004703703064707259,0.8766686795701835,0.8630478231368135,0.8535370926586007,0.6955266785450784,0.8483785296279065,-0.8960276211822175,0.07987085926379597,0.6782221393815233,0.8655638160812887,0.8619351012597188,0.0023056988201164376,0.02277533928161464,0.02209017175450504,-0.00047915984398518957,-0.00039861157186036906,-0.00026734441381292076,-0.00396532118109197,-0.01916761637701012,0.022312793890183803,-0.03274343203963291,0.00014348769131640243,0.008955503406406428,0.0003131385598956707,3.8976106676647876e-05,-0.0007169019221517168,-0.0004612866666047971,0.009144137550840016,0.0008277730261095548,-0.002322519138860478,-0.0021871878846494077,0.009900185707096866,-0.00026428062705498924,0.003972073658330088,-0.011216069302735172,-0.022093516861151827,0.019261291492271328,0.013072087345035862,-0.026727946931149445,-0.00452030900531573,0.035806541207500986,-0.0031401186136474266,0.0024707699097399312,0.00010857375892375287,0.006369953138172353,0.034182692734095764,-0.015528119528640501,-0.0037051163537025695
매출원가,0.9139383258681852,0.8724783864303697,0.888752363750903,0.9470274585193974,0.937010984279242,0.9087568197774015,0.8655877467331982,0.6241160724531349,0.7735722603740584,0.22966882608084704,0.7576951598464909,0.9280071094867507,0.8636116758688057,0.7721596925016453,0.9433812823034853,0.9290066857998764,0.9744477291446428,1.0,0.6797536942655225,0.4919495284045781,0.8616466525609431,0.8147226440708998,0.8367796348720992,-0.00444059150420382,0.805708659006457,0.7900794281199909,0.7836261044764126,0.6382471017654208,0.7584023459162623,-0.827157524368592,0.11254382346848414,0.6657724657332936,0.8777013781808778,0.8066802331766253,0.00208768756356334,0.021081920507810954,0.02044743683479469,-0.0004455791083803147,-0.0003695022958016456,-0.0002505305299562161,-0.0036869827571342994,-0.01774091733482325,0.01505430584578877,-0.026246164035584486,0.00013196148518267734,0.006945899117104722,0.0002679184531521534,0.0001408144719167263,-0.0006897560143196651,-0.0004426786089775182,0.009043525105563869,0.0008938711327466899,-0.00217958970881574,-0.001986351157958469,0.013517275407092081,-0.0002434814719290662,0.004225783565417924,-0.010480384038248337,-0.020890322448620203,0.01463900020455833,0.01403684474899582,-0.024310573110469837,-0.004282448380929899,0.03251000484315776,-0.0029250998944301836,0.002400209331311714,6.296887040397791e-05,0.005801653034301839,0.03164119789664945,-0.013543719318299334,-0.0034611459961811576
판매비와관리비,0.8360453226795487,0.8425871036990162,0.806375668893399,0.805404075100527,0.6857343726532537,0.7399930025821804,0.8465436409915869,0.6301678392965909,0.7746340028673728,0.2077248607937882,0.829735101386969,0.8065857775774453,0.8096280046645267,0.5900054856086363,0.8300641744141255,0.6921026061740403,0.8061507532217389,0.6797536942655225,1.0,0.854720715946122,0.834690566631843,0.7104645629182699,0.7316355598040558,-0.004512482899428138,0.8227448038496161,0.8232417270406733,0.7997433313084695,0.6458005913353068,0.8119605101601028,-0.8245676469387085,0.01838300282456329,0.6846715792777901,0.6837554512296229,0.7153806967537278,0.0020210689970371265,0.019854765009737856,0.019209580858163915,-0.0004347364815470331,-0.00036904115841906413,-0.00023050193846417148,-0.003359481544344366,-0.016513803952528126,0.035120889018445435,-0.042435538895518626,0.0001329546756875123,0.006871052034144624,0.00031047912586018106,-0.0005421022139352491,-0.0007636361106781699,-0.0003994810958072744,0.003438762684011001,-0.0004686749079131602,-0.002347004258859141,-0.0035991171978885747,-0.005047059505499778,-0.00023986527066803317,0.002695007349374627,-0.010067784938312426,-0.018529237283965994,0.022153732289913523,0.00733474068065315,-0.02341672983575982,-0.00437398589841542,0.031746435306069916,-0.0029624128394619407,0.0015232768260799359,1.970831242550992e-05,0.006002194624241434,0.029629597690856893,-0.01652396487048133,-0.003510312935192068
감가상각비,0.675963885594837,0.7064855875069458,0.6696414108653904,0.6155780187514779,0.4797326692886085,0.5769024897262977,0.6932730860955288,0.45351316730187413,0.6255126985721083,0.22787063091982349,0.6978123920754377,0.6403331314392712,0.6736743844618981,0.4208374921152914,0.6505681193717016,0.49121952921847384,0.6278979423802931,0.4919495284045781,0.854720715946122,1.0,0.6747646835674863,0.5425888195379196,0.5603262595190044,-0.0039038928187049063,0.6684547322468505,0.6812988409654281,0.64830375458289,0.46519662666073935,0.7054941691437601,-0.6697623914701095,-0.08021548747339849,0.5105785926783019,0.44811079796696124,0.6061026442437406,0.0017104144899198622,0.016958755816054875,0.016441507636782652,-0.00036362949667809543,-0.00030167632677926664,-0.0002041900761136167,-0.003104253162170167,-0.014225901161789099,0.033661529656402546,-0.03921802284179206,0.00010645188696947733,0.004945293672414001,0.0002443737106802739,-0.0005884242668298922,-0.0008136591980568322,-0.00029131073340726626,0.0009977481578702,-0.0003655627848149974,-0.002159205223719875,-0.0033588568696424877,-0.009603553084916915,-0.00021925257630189737,0.003337500408282413,-0.00942034185752491,-0.015316514137709304,0.01949850916055765,0.006467737195194602,-0.020951643869627792,-0.0036621816512119364,0.026372046822540927,-0.002148460787713952,0.0011707902314356383,-7.836358329979739e-05,0.004789952027124224,0.024812654517323365,-0.015668865729005166,-0.0026123910778140325
영업이익,0.9362850681533721,0.9182208370242491,0.9105591357050039,0.9225187879007328,0.8503087106613466,0.887841396544463,0.9387069086309406,0.7183866836566807,0.8483341723500512,0.22869937751930278,0.8870159135473344,0.907677852394313,0.8851250768508047,0.7360904864529231,0.9143167371644648,0.8156246907435412,0.9274832063679113,0.8616466525609431,0.834690566631843,0.6747646835674863,1.0,0.8185084366126417,0.852771609283856,-0.0031203943356933545,0.963281577089688,0.9493603704884599,0.9380119759701608,0.7351081411976412,0.9048727758274071,-0.9085516984852036,0.002889150652561859,0.629569415746173,0.7793500542049464,0.843751241609957,0.0028799978465638863,0.02639441463112804,0.02570931357805246,-0.0004917473558301569,-0.0004060499531663803,-0.00027928729387577227,-0.004562202655288951,-0.022695295155441334,0.034808429607523186,-0.04296868481558631,0.00015850709534179553,0.028519273451808512,0.0005122774541301769,0.0002710342754921325,-3.559069744193639e-05,-0.00031751035214261044,0.013907882863980526,0.0022172882074302557,-0.0014155964294004944,0.0015772927903208677,-0.006800891394825497,-0.00029490133634799956,0.0012344351700400607,-0.010904542494721163,-0.02281782168671149,0.04132199463105392,0.00450857803503766,-0.03392338703531895,-0.0029200807076603394,0.04283569014195148,-0.0028218685469461385,0.00296735730329701,0.0006560520178483303,0.007382475041601071,0.03752662280375009,-0.016104252814536747,-0.003174436835383771
영업외수익,0.8136273807825266,0.7793831502205385,0.7939703560977536,0.8259423107757755,0.782473548793266,0.8141962834966017,0.7865915137898798,0.6959931796220136,0.7451691306899548,0.2460947975784082,0.6849533057993015,0.8122452786858168,0.7705542463420771,0.6482908370908336,0.8386688724493885,0.7887600806921604,0.8430281726817966,0.8147226440708998,0.7104645629182699,0.5425888195379196,0.8185084366126417,1.0,0.9392516320601382,-0.004063392475093187,0.8013492375893401,0.7780557148605944,0.7823708449778521,0.7064159431144922,0.7339420875358909,-0.7733263189543836,0.05823971095761169,0.6616159368838861,0.7368890409595689,0.7333442283243284,0.0019320662016266133,0.018187175039698685,0.018622059599101806,-0.0003999920739804475,-0.0003345896936393861,-0.0002201677899356251,-0.003290598523396778,-0.014950536439551824,0.018991931192722744,-0.028995310205404173,0.00013029052697054543,0.014345277428495225,0.0003176268009404709,-0.00010432766726556652,-0.0006565346552828666,-0.00025380208539034743,0.014845743597865684,0.0021008198121515408,-0.0021363944497717036,2.7329166839480005e-05,-0.005968719178301579,-0.0002449238175484025,0.0033877700052147696,-0.009240382065177456,-0.01805957999426576,0.01668419300705136,0.012278972586243723,-0.023791482961415415,-0.004276814761312479,0.02700342739234832,-0.0026472374803806205,0.0017671686475645503,0.0002975120443590863,0.005088100201476876,0.027540090474987518,-0.009513642929722007,-0.003186865815628642
영업외비용,0.8515962108389447,0.8236177215381427,0.8366510041530971,0.8521831511767975,0.7947771850189947,0.8549759991807274,0.8148112411292765,0.7005618990331783,0.7735986045936404,0.2195337911302829,0.7150965784358235,0.8559780043026312,0.8203645625516531,0.689333057975139,0.8702569444092411,0.8148023182199887,0.871711938089109,0.8367796348720992,0.7316355598040558,0.5603262595190044,0.852771609283856,0.9392516320601382,1.0,-0.0049127989856154195,0.7800077220879821,0.7799153537366293,0.7550216543240333,0.7106021108058281,0.7840123864654914,-0.80267502708394,0.026721505019227508,0.6275059674100791,0.7544505178057246,0.80896102128555,0.0016970697816731833,0.015630214899723,0.015005528581197082,-0.000405269103242624,-0.0003349150267923244,-0.00022973817677747845,-0.0026224479439649435,-0.01172810238301269,0.0124296083659934,-0.02332903106034763,0.00013163307847696124,-0.008167695092310561,0.00039748882117334914,-0.00017264144886045682,-0.000657482620905183,-0.0005535854213610073,0.006818527461306742,0.001114138725854344,-0.0019330703369958714,-0.0031776280136476954,-0.007407124082470467,-0.0002462376643853383,0.005447345624939876,-0.007519327140131107,-0.016463231453372373,0.011882421339518685,0.012201200327877918,-0.021034121469929723,-0.004117928619141071,0.024267887417152634,-0.002686536076669258,0.0014415733706927422,0.00015928759362550377,0.004269749600797039,0.024606681435081157,-0.020076587169854557,-0.0032039653297752297
이자보상배율,-0.004360891600022331,-0.004447245104590674,-0.005022840209430852,-0.004506507907448211,-0.004223371689043647,-0.005291448108270982,-0.004069501540535583,-0.006028170353934605,-0.004965235755653648,-0.0026329045626515167,-0.003299945827273312,-0.004431932174517503,-0.004604270960724903,-0.007693199861137825,-0.004714316558024907,-0.005574082728285304,-0.004703703064707259,-0.00444059150420382,-0.004512482899428138,-0.0039038928187049063,-0.0031203943356933545,-0.004063392475093187,-0.0049127989856154195,1.0,-0.002304902678464594,-0.00344298149643792,-0.0018954276413425866,-0.003210905518745344,-0.002726669836009424,0.006015837391278664,-0.01009730274684111,-0.0030382717532973632,-0.004417862127784638,-0.006431021095256344,0.007243024545361802,0.12499177860288975,0.11691918398018762,-0.004829771493188024,-0.005500795476134121,-0.0002808366484703632,-0.006145553982290109,-0.016194464707949694,0.03991995929339058,-0.03448010411669666,0.00382672808122462,0.033719839724976906,0.0029197057238494212,0.015233160845733845,0.03231412615825429,0.0015941421708497658,0.010506090030468483,0.0075545448718016385,0.020336698676352887,0.017443876178932175,0.004491791448017973,-9.583848244237611e-05,-0.0001859917025187098,0.11035033512550099,0.10146455455861421,0.02209318684260822,0.017139617326372866,-0.03206383456388591,0.022424719703966256,0.0168403092437715,0.017017233522508876,0.016106705664653515,0.005086830901902031,0.009365671098288718,0.027342000201391766,0.006155395619347877,0.0197976224696235
법인세비용차감전손익,0.8907935728633863,0.8694348000120767,0.8506326775320882,0.8786960338603497,0.8122928709722681,0.8234787138147144,0.918993639000913,0.6813439532440678,0.8129661883237073,0.21331894696858716,0.878664732977977,0.8475897002426374,0.8242973169912248,0.6899978888181643,0.8624543171619204,0.7490305448492584,0.8766686795701835,0.805708659006457,0.8227448038496161,0.6684547322468505,0.963281577089688,0.8013492375893401,0.7800077220879821,-0.002304902678464594,1.0,0.958543088973594,0.9803578444011649,0.6990668551100543,0.8773168826649443,-0.8786573981266935,-0.002837961150616072,0.6345050757250508,0.7344565433465093,0.7535741539663202,0.0030252571350222416,0.0274407792217422,0.027308298149305476,-0.0004720946754638531,-0.00039171205352134817,-0.00026503444575526645,-0.004862654265342926,-0.02428679740794263,0.04219881476430584,-0.04996250405075408,0.00015485352037031147,0.04383594390227579,0.00046992866489117217,0.00040416025068812855,2.6004499451111586e-05,-7.722879152257621e-05,0.020196566074209648,0.003196412145466318,-0.0013623456999364736,0.004431533997576845,-0.005784126490620313,-0.00028561324485520473,-0.0003785103953471293,-0.011499048748421116,-0.023077881124638204,0.0460457681853978,0.0029295549701489707,-0.035396493268764304,-0.0026555208447086075,0.04433689366611312,-0.0026270420555802175,0.00322919836017232,0.0007088268272001099,0.007830628798100557,0.03847695479498193,-0.00920553450380868,-0.0029467140777530436
법인세비용,0.8801430711755079,0.8618597974904747,0.8394920364110653,0.8655748362445218,0.787803521773657,0.8060080161380396,0.9016646240383036,0.6602988260249454,0.8106568724770578,0.18847435911366694,0.8554714724266121,0.8396699183817243,0.8164407311130579,0.6827172008286345,0.8553705208899077,0.7355506244479788,0.8630478231368135,0.7900794281199909,0.8232417270406733,0.6812988409654281,0.9493603704884599,0.7780557148605944,0.7799153537366293,-0.00344298149643792,0.958543088973594,1.0,0.9234797129344597,0.6755166718211806,0.8589324335408672,-0.8525922004397525,-0.011816172293477948,0.5832470269047187,0.7122342027411893,0.7507461960751254,0.0022299168058418227,0.021689610580074115,0.02121922053024976,-0.000461035904879132,-0.0003822511489282299,-0.0002592922298861029,-0.003596044532373389,-0.018210113874004542,0.03646088775706399,-0.045114673860173544,0.00014943531521849652,0.0227109765681511,0.00037817490491850146,0.00013342178427747914,-0.0003088109827738703,-0.0002698103745763555,0.013635844998377748,0.0020292076585390257,-0.0014719629947507176,0.0014530982362627146,-0.007560513324831053,-0.000277656873404284,0.00033598832264586874,-0.00992950757995173,-0.020433015463313272,0.036723371523939924,0.004630904975892211,-0.030499956024294332,-0.003279074019596396,0.038017610289715155,-0.002747502478478347,0.0025394387148029566,4.988759747049517e-06,0.006435186181658463,0.0328113912941314,-0.013943657735983137,-0.003150008220554661
당기순이익,0.8680887531092483,0.8484767781792326,0.8290552126760038,0.8547552562084398,0.7920908672734215,0.8042550476144658,0.8980831506423552,0.6646044642260165,0.792398241706879,0.21554467561643487,0.8690385434755765,0.8241357336675252,0.8027587795773428,0.6715045063151891,0.8378151290627681,0.7280931285881201,0.8535370926586007,0.7836261044764126,0.7997433313084695,0.64830375458289,0.9380119759701608,0.7823708449778521,0.7550216543240333,-0.0018954276413425866,0.9803578444011649,0.9234797129344597,1.0,0.6830871720225375,0.858088925180925,-0.86168710168899,-0.0053390512363415184,0.6270392843466864,0.7155036802132443,0.7302262876481038,0.0032011357968493174,0.028588369227623967,0.02856657365511909,-0.00046417138186879644,-0.00038522787622092695,-0.00026043849709095335,-0.005142335541390243,-0.025613362651231823,0.04396373093611296,-0.050451682537719526,0.0001558767799338637,0.05382400815961894,0.0004873843567561438,0.0003935244288280564,7.481151239937789e-05,4.598597683134535e-05,0.021870105504194846,0.003242660658484098,-0.0013233203069499125,0.005368057086963558,-0.005752558225023421,-0.0002821700289272145,-0.0006519651579001152,-0.011733148011885061,-0.023396849414271902,0.049333633621173704,0.0012544243088372662,-0.03662788499055846,-0.0024975381913216145,0.046332621715362565,-0.0025293086301429904,0.003294198905715853,0.0009514906896660479,0.008358880181925607,0.03903436110229359,-0.004253899504329233,-0.002829045119606211
기초자본금,0.7205710303608053,0.7052035927852649,0.7330127197705787,0.6974120329168649,0.6687109432571857,0.6917725749550182,0.7015356819219661,0.9745458609173734,0.6480310368540498,0.17845009670584216,0.6788815808021771,0.7164918440426301,0.7044921361092032,0.5704845375272217,0.7112823177307456,0.6195993416064977,0.6955266785450784,0.6382471017654208,0.6458005913353068,0.46519662666073935,0.7351081411976412,0.7064159431144922,0.7106021108058281,-0.003210905518745344,0.6990668551100543,0.6755166718211806,0.6830871720225375,1.0,0.6548324555915419,-0.6916662567415014,0.03421288472136206,0.6228428074503394,0.6438844195255962,0.6729738600553322,0.002178161661153491,0.017335216827743465,0.01688248686107789,-0.0005378689414213683,-0.0004456473992609959,-0.0003029809045028744,-0.0017807810319078134,-0.015876464986949577,-0.00723531501333166,0.006644957584801226,0.00015533991501368296,0.0032386864183905533,0.00032720928836048546,-0.000773658058075204,-0.0009408797963608723,-0.0005357353012794543,-0.006549574643659142,0.0006732076701133246,-0.002240258483775336,-0.006804330413341199,-0.018147196887626865,-0.00032748731216167396,0.003912422618089971,-0.008143659469990159,-0.016117972403595384,0.02254265560897929,0.00921186632208763,-0.026213054977310236,-0.003937595158652321,0.026993382154143885,-0.0009667437650596697,0.001099804266082427,-0.00023292236367783962,0.004736071734423204,0.0281729377818986,-0.01787891691852431,-0.0014865830221580034
영업활동으로 인한 현금흐름,0.8842810424570805,0.883688914227317,0.8701607448532559,0.8321927967545435,0.728747066422403,0.8312457965239384,0.8883992468552749,0.6379097883985969,0.7827036217890265,0.21924208308844634,0.8452416382681801,0.8567289448250092,0.8502266814474095,0.6558286107308023,0.8390692312701683,0.6949531917819259,0.8483785296279065,0.7584023459162623,0.8119605101601028,0.7054941691437601,0.9048727758274071,0.7339420875358909,0.7840123864654914,-0.002726669836009424,0.8773168826649443,0.8589324335408672,0.858088925180925,0.6548324555915419,1.0,-0.8889670960587837,-0.16942916734248256,0.5831798114792379,0.6410695508249897,0.8142693065138868,0.003016138827376701,0.036346568429376155,0.03611600288655786,-0.00047696481527798376,-0.0004437505782813479,-0.00018961219726787733,-0.011178846547143418,-0.03320090329703789,0.03451171102281006,-0.04304313520642479,2.699695741506397e-05,0.019359079128155893,0.0001891664391031424,8.712509359086827e-05,-0.0006909955691360203,-0.0002579539044279767,0.0044735384282537025,0.00037798861244147514,-0.001986720984758906,-0.00015242511052327256,-0.003543290150536778,-0.00018601083529328825,0.0024961671344503732,-0.01738367364802433,-0.022802534752906965,0.06793232813287381,-0.005616230876198591,-0.043285857296970924,-0.0038865064990414853,0.038714134471241085,-0.0020653500341140337,0.002663968204236474,0.0001685855694041097,0.006955935517684594,0.03421690610909589,-0.052791547860623816,-0.002561061701214707
투자활동으로 인한 현금흐름,-0.9296894341124775,-0.9211675231776842,-0.912531877191123,-0.8849149085817275,-0.7959731372144029,-0.8552627428143063,-0.9209440096045421,-0.6758829672077863,-0.8215919763704935,-0.2590890170749328,-0.8586473259422899,-0.9108631306529266,-0.8970667599772226,-0.7413978420846212,-0.8952262160514872,-0.7875887403372555,-0.8960276211822175,-0.827157524368592,-0.8245676469387085,-0.6697623914701095,-0.9085516984852036,-0.7733263189543836,-0.80267502708394,0.006015837391278664,-0.8786573981266935,-0.8525922004397525,-0.86168710168899,-0.6916662567415014,-0.8889670960587837,1.0,-0.18338683211110945,-0.6505604258277208,-0.7719954180564451,-0.8214115196694507,-0.0005747715142739634,-0.004184196585765687,-0.004442352819372481,-0.00020792008461839465,2.5648946832033268e-05,-0.0004389993017620363,0.000387993833294119,0.006317377773910423,-0.026224770602450567,0.03702561955204657,0.0002691861072305915,-0.004412945671610476,-0.00015776680381033144,0.00033973724812576907,0.0006656722289362313,0.0004690877828100752,-0.02124623788519151,-0.001516138428618996,0.002157269225589707,0.0020050017056500854,0.018485808875706163,-0.00022568640334285457,-0.002735314754527059,0.007442231808379243,0.011705215094694502,-0.02347187903711442,0.03861108095095583,-0.01062395673826812,0.004277139540843235,-0.014717262668916662,0.002880423089565768,-0.0006763045542079539,0.0003787059515397862,-0.0023687793056071113,-0.0186842471134773,0.02019627157345227,0.0034164505891598946
재무활동으로 인한 현금흐름,0.07738346473196914,0.05936661454304092,0.07052219720618037,0.10321997458263557,0.11733373573359257,0.04138326159766412,0.04106619008788469,0.04141563284839477,0.08142963706016736,0.10502973607761304,-0.02511893624666724,0.09292110254470115,0.08949948278533716,0.20622033275660068,0.10608179466331738,0.18636419418335334,0.07987085926379597,0.11254382346848414,0.01838300282456329,-0.08021548747339849,0.002889150652561859,0.05823971095761169,0.026721505019227508,-0.01009730274684111,-0.002837961150616072,-0.011816172293477948,-0.0053390512363415184,0.03421288472136206,-0.16942916734248256,-0.18338683211110945,1.0,0.032449262809915586,0.20880979850628484,0.015609656105907326,-0.00632553454500057,-0.09086930972886406,-0.08966684634114573,0.0017008668309118132,0.0010136945588949935,0.0016010557002152715,0.0388509185493244,0.0772192448196777,-0.01995809578350853,0.01176561511885078,-0.0007303364311384409,-0.035740806702903485,2.9752176379783675e-05,-0.0010534976149405124,0.00010541731550310794,-0.0005423493342536813,0.05312495748046067,0.005366649351427358,-0.0010082441748569195,-0.004029900741760444,-0.042096697215186864,0.0010398440428485232,0.0007200915093574728,0.030339508506346632,0.029753073814489515,-0.10250316846697076,-0.0744045134481903,0.15340009159729537,-0.0022136202268310443,-0.06409851926190167,-0.0029087976285822295,-0.005259009147950969,-0.0015657659462683742,-0.013067951052362463,-0.04165166761548924,0.07903806944352314,-0.003164022370272113
종업원,0.6568101381369232,0.6248737328644803,0.6281645242427034,0.6623965912972132,0.6431397846738064,0.5969856776682609,0.6448988537511883,0.6091985872830675,0.6213616350502658,0.16666882776239644,0.6381630399676634,0.6659465960925037,0.5883934220045642,0.40325641675867335,0.6817344914635061,0.6370247012526836,0.6782221393815233,0.6657724657332936,0.6846715792777901,0.5105785926783019,0.629569415746173,0.6616159368838861,0.6275059674100791,-0.0030382717532973632,0.6345050757250508,0.5832470269047187,0.6270392843466864,0.6228428074503394,0.5831798114792379,-0.6505604258277208,0.032449262809915586,1.0,0.682934297829193,0.48309875589335477,0.0017256161938999728,0.017719751832954274,0.01720443573805624,-0.00038887323961135347,-0.0003228681081080963,-0.00021798517968323828,-0.0031261716453176804,-0.014913277459515048,0.005598518283149141,-0.005954556175667278,0.00011190846663671821,0.008394670958139212,0.000183702829716829,-0.0005277438246956282,-0.0007696535071078272,-0.00037837483279641517,0.0021411174613191093,-0.0007881896767315288,-0.0023633719601284966,-0.0030883982077576726,0.0004709195014274499,-0.00019293901144227122,0.00045325211591744433,-0.010044198361506655,-0.016662186026634884,0.018708950597460854,0.0042270684420441075,-0.018251685767292573,-0.0037503793120412074,0.0225259975010363,-0.0025849588729720575,0.0010490271451573418,-0.00010781533415339912,0.003963059823349713,0.022377844055654645,-0.013186925523301966,-0.003054041617176619
차입금,0.838677419980702,0.803903992532067,0.808532177063362,0.8501493574725589,0.844192343395838,0.7876528387101202,0.7992626417141128,0.6306097268625884,0.7030143525110841,0.14626834226301216,0.7103651118960601,0.8571160680974954,0.8076591566245163,0.7916464051939237,0.871078363868559,0.8646840574956466,0.8655638160812887,0.8777013781808778,0.6837554512296229,0.44811079796696124,0.7793500542049464,0.7368890409595689,0.7544505178057246,-0.004417862127784638,0.7344565433465093,0.7122342027411893,0.7155036802132443,0.6438844195255962,0.6410695508249897,-0.7719954180564451,0.20880979850628484,0.682934297829193,1.0,0.7299330922011618,0.000344675070272932,-0.001117596065968032,-0.0013555340395441046,-7.011022022756385e-05,-0.00011231300972462155,4.844939292179141e-05,0.005986974610036065,0.001732310773927859,0.007846558009425568,-0.019846230733783658,2.0488279741259777e-06,-0.003732171664907593,0.00019919647927090335,-0.00016117274917032306,-0.00044493725857941007,-0.0003496701811078484,0.005434241982133497,0.001264213022027101,-0.0010308233320522062,-0.0027833100690494708,-0.01567030823343312,-4.47688530409525e-06,0.003165081880381231,0.0004404555606854,-0.006619478625004548,-0.004732776838419608,0.008942058913634249,-0.005377712403189414,-0.0024716990686500435,0.015626969701954454,-0.0016075528038989194,0.000900890819780616,-0.00021419666232481277,0.0028393833676028865,0.016583664966562692,-0.001588522809271359,-0.0019182052833247372
이자비용,0.8888067955565163,0.8930192885676584,0.9037959608347588,0.8341433236520389,0.7541611926199113,0.8731055982505898,0.8218129684989459,0.6657565539202169,0.7418571665796928,0.23566598974907227,0.7465385991442316,0.9081778276782697,0.9234801750682233,0.750560575816676,0.873518149622028,0.8048370019134098,0.8619351012597188,0.8066802331766253,0.7153806967537278,0.6061026442437406,0.843751241609957,0.7333442283243284,0.80896102128555,-0.006431021095256344,0.7535741539663202,0.7507461960751254,0.7302262876481038,0.6729738600553322,0.8142693065138868,-0.8214115196694507,0.015609656105907326,0.48309875589335477,0.7299330922011618,1.0,0.0014182051098373403,0.012065434285426615,0.011395471973780887,-0.000409700864554428,-0.0003276395041797198,-0.0002500698301780024,-0.0019224368092515586,-0.006816106279922506,0.013259475131345587,-0.024571155730616696,0.00015054403195002215,-0.004330063601761727,0.0003413688101430658,-0.00021936141540328775,-0.001070910310964746,-0.0004692665642194673,0.0028566097636369045,0.0012308344653913076,-0.0015459148055433601,-0.002863749360461077,-0.014799235225353279,-0.0002590931060294182,0.004839467468704546,-0.004843306917821108,-0.014123253826007738,0.006071402112477536,0.01617923193618339,-0.020204816127608154,-0.003322170478286151,0.02517360776666029,-0.0024123029101843995,0.0014376263460594832,0.00020807801552967192,0.004428441229162332,0.023522859010906526,-0.01456697680313158,-0.002825909929711618
매출총이익률,0.0017017760016501012,0.0016021404448002111,0.0017918935266495058,0.001936510276025539,0.0013702420312625366,0.002637716217706367,0.0021129183555020255,0.002326314181049511,0.0015411472606934695,0.0013673869195806724,0.00239061272326419,0.001313706844484186,0.0010738837779482805,-0.0005160981517014731,0.0016094205262475736,0.00042955246879321354,0.0023056988201164376,0.00208768756356334,0.0020210689970371265,0.0017104144899198622,0.0028799978465638863,0.0019320662016266133,0.0016970697816731833,0.007243024545361802,0.0030252571350222416,0.0022299168058418227,0.0032011357968493174,0.002178161661153491,0.003016138827376701,-0.0005747715142739634,-0.00632553454500057,0.0017256161938999728,0.000344675070272932,0.0014182051098373403,1.0,0.10124032309308126,0.10199738931110389,0.00014226787442943596,0.00012096160293616972,7.509670090762903e-05,-0.00750244565320308,-0.10266446643270978,0.006522283699268679,-0.005685283474267211,-8.564681488526857e-05,0.02167929304709296,0.00012321755061378713,0.0005537598930684981,0.0004892672683977842,0.00019249360766561584,0.008999593257950394,0.0014642965226947943,0.0008890949673290079,0.003486576533390308,0.019540833410423994,0.00010498404483223512,7.349419065655909e-05,0.0037342865947821856,0.006993215432604937,0.027540343640592786,0.00975815788808324,-0.029292665224446464,0.001817904949110954,0.025450913566749306,0.0010236926780033185,0.0021894405300827494,0.00035587190099354394,0.005568749995953902,0.022480747505572544,-0.020914891294938807,0.0012546559647572334
영업이익률,0.015646356531339434,0.016771305974652453,0.016468380923506918,0.01420968718490378,0.00150156525091908,0.026622909259166404,0.021366137009737402,0.0148122188728839,0.019699686988243648,0.012910603199864588,0.022789262356921667,0.010946573737013791,0.007508124557101269,-0.017633984594148697,0.014415929111489438,0.0006609716957011601,0.02277533928161464,0.021081920507810954,0.019854765009737856,0.016958755816054875,0.02639441463112804,0.018187175039698685,0.015630214899723,0.12499177860288975,0.0274407792217422,0.021689610580074115,0.028588369227623967,0.017335216827743465,0.036346568429376155,-0.004184196585765687,-0.09086930972886406,0.017719751832954274,-0.001117596065968032,0.012065434285426615,0.10124032309308126,1.0,0.9629720841405515,-0.01237565572607065,-0.015184133075902877,0.0010531973072853828,-0.12096107326891765,-0.8359965435388105,0.07649734240285602,-0.06911513732493602,0.0066866653831999835,0.14056167338214146,0.005939055941116835,0.00546983930567206,0.004832393652161548,0.0019012947649741207,0.08889299821749966,0.0144612263627442,0.00878080581139228,0.03443665190868755,0.19302848258915048,0.001036365521894774,0.0007256138921490224,0.03688357707107276,0.06906191629817562,0.2829484558690331,0.09209085000277906,-0.29644824732183866,0.01795337761512731,0.25138932321058477,0.010108237461242167,0.02162627355308405,0.0035146692595977927,0.05500415027850111,0.2220527359678992,-0.24768577270618145,0.012389217406353506
순이익률,0.015155484009087613,0.016349588349022365,0.015984262718199443,0.013582911438633098,0.000555858799383219,0.025832653194440135,0.020852835883467254,0.014445661761737939,0.019243044071515423,0.012675920717575584,0.02224030828547985,0.01049503585922828,0.007152289850255562,-0.017785254304087835,0.013845310971184702,0.0003273259352705587,0.02209017175450504,0.02044743683479469,0.019209580858163915,0.016441507636782652,0.02570931357805246,0.018622059599101806,0.015005528581197082,0.11691918398018762,0.027308298149305476,0.02121922053024976,0.02856657365511909,0.01688248686107789,0.03611600288655786,-0.004442352819372481,-0.08966684634114573,0.01720443573805624,-0.0013555340395441046,0.011395471973780887,0.10199738931110389,0.9629720841405515,1.0,-0.00618600111651737,-0.007946919837441333,0.0011078403904178557,-0.1183407278098785,-0.8194462868303141,0.08023082682542253,-0.07297342495283232,0.006894394405018908,0.14822800944997336,0.006121120211408344,0.005305285568428703,0.0046870172349591285,0.0018440990606658195,0.08621878679462147,0.014026189226215303,0.008516647841502075,0.03340070521470078,0.18722145933317158,0.0010051868520168992,0.0007037847930394832,0.03576892208802657,0.06697836119302651,0.28342708469312056,0.0864324429319681,-0.29223949455346054,0.017413272340425386,0.24382659447502353,0.009804142171707214,0.02097567389847174,0.0034089359225811184,0.05334942123019451,0.2153725608308618,-0.24578652579921964,0.012016500760365324
부채비율,-0.000373658792074903,-0.0003685517829454766,-0.0004272440650861042,-0.00039657347179276105,-0.000535807002290695,-0.0005642985629899194,-0.00047105403619851494,-0.0006827349596560226,-0.000464627241184968,-0.0003029741849110956,-0.00045277717279874354,-0.00028754210441186165,-0.0002645327177216998,-3.692447356076391e-05,-0.0003310244330447737,2.1836785036748876e-05,-0.00047915984398518957,-0.0004455791083803147,-0.0004347364815470331,-0.00036362949667809543,-0.0004917473558301569,-0.0003999920739804475,-0.000405269103242624,-0.004829771493188024,-0.0004720946754638531,-0.000461035904879132,-0.00046417138186879644,-0.0005378689414213683,-0.00047696481527798376,-0.00020792008461839465,0.0017008668309118132,-0.00038887323961135347,-7.011022022756385e-05,-0.000409700864554428,0.00014226787442943596,-0.01237565572607065,-0.00618600111651737,1.0,0.8522026689912839,0.5246678468678334,-0.00019059244740325234,-5.931256516404433e-05,-0.0008469789684375297,0.0008629872893798226,-0.5678769751413731,-0.0011361560888093376,-0.3951675567510329,-0.00011426583991032965,-0.0001007822213276578,-4.003308317875154e-05,-0.0018729576822211131,-0.00030442440807080764,-0.00018121962188430242,-0.0007255492853559213,-0.004019120168964923,0.48912377664915524,0.33053266683519533,0.01366366419131787,0.0066857493097541255,-0.004646022229714471,-0.004855262332897413,0.007310731830455013,-0.0003744138212275012,-0.005304674254909333,-0.0002095441727091525,-0.0004552046698286639,-7.420720372005949e-05,-0.001160354662642827,-0.004685592203669086,0.004620816012428033,-0.0002571333423445976
유동부채비율,-0.00032139641028826793,-0.00035378738770197333,-0.00035482550640375185,-0.00027523816950140333,-0.0004411702411796879,-0.0004679252546045881,-0.0003906126311684421,-0.0005657786999419594,-0.0003852918400840493,-0.0002512357866838265,-0.0003754830677275926,-0.00025722219449159436,-0.00033884010737319186,-0.0005657589413418809,-0.00021661724445749505,0.00023844971215930473,-0.00039861157186036906,-0.0003695022958016456,-0.00036904115841906413,-0.00030167632677926664,-0.0004060499531663803,-0.0003345896936393861,-0.0003349150267923244,-0.005500795476134121,-0.00039171205352134817,-0.0003822511489282299,-0.00038522787622092695,-0.0004456473992609959,-0.0004437505782813479,2.5648946832033268e-05,0.0010136945588949935,-0.0003228681081080963,-0.00011231300972462155,-0.0003276395041797198,0.00012096160293616972,-0.015184133075902877,-0.007946919837441333,0.8522026689912839,1.0,0.0017094415746133484,-0.0002293239221379846,0.0005777234763395533,-0.0007038303388167907,0.000716047062128984,-0.6576762385226157,-0.0009536761757610474,-0.4641109480186086,-9.476009123349738e-05,-8.368269342677028e-05,-3.3187440928394944e-05,-0.001552781988558647,-0.0002524084052177806,-0.00015052098664551604,-0.000601673100092773,-0.0033690193367616863,0.054180265821820735,0.0009395776775257745,0.00309512257352836,0.0009156645607289695,-0.005026961141457549,-0.0025204402237981316,0.005633770341915994,-0.00031131713570452615,-0.004397787200959495,-0.00017480773530543985,-0.00037741052545997935,-6.152513448743836e-05,-0.0009620658721866464,-0.003884712356646071,0.005482940683698217,-0.00021436783413529862
비유동부채비율,-0.0001914295957173633,-0.0001289016300284079,-0.00023938877105973363,-0.0003103692135402526,-0.0003065628368699423,-0.00031729086296330966,-0.00026485141314771323,-0.000384392270582875,-0.0002612129239321842,-0.00017032473349144205,-0.00025452603987287186,-0.00013132251491737465,4.560388488579053e-05,0.0008498867710057306,-0.0002804958343597851,-0.0003466234480236359,-0.00026734441381292076,-0.0002505305299562161,-0.00023050193846417148,-0.0002041900761136167,-0.00027928729387577227,-0.0002201677899356251,-0.00022973817677747845,-0.0002808366484703632,-0.00026503444575526645,-0.0002592922298861029,-0.00026043849709095335,-0.0003029809045028744,-0.00018961219726787733,-0.0004389993017620363,0.0016010557002152715,-0.00021798517968323828,4.844939292179141e-05,-0.0002500698301780024,7.509670090762903e-05,0.0010531973072853828,0.0011078403904178557,0.5246678468678334,0.0017094415746133484,1.0,9.155823800171342e-06,-0.0010543649928682905,-0.00047361326795721133,0.0004843523527021551,-0.015274361915924966,-0.0006197846902474819,-0.00012627922343164756,-6.421104414996164e-05,-5.6463302478305056e-05,-2.251501554015831e-05,-0.001053214159934224,-0.00017114606036210705,-0.00010144816350132108,-0.00040775672076548777,-0.002199921744402403,0.846691065350626,0.6302075810292237,0.021079498123791843,0.011288784732092905,-0.0007006123467626533,-0.005178901416478754,0.004806347261423799,-0.00020906414314539733,-0.0029830724321967,-0.00011606726027015996,-0.0002559398564986925,-4.172354902031548e-05,-0.0006523838325212806,-0.0026346606784836144,-8.9431324895129e-05,-0.00014265507256981148
유동비율,-0.0013954408816824583,-0.0033982923947840147,-0.003486759887601322,0.0023754783122454026,0.007843339764270239,-0.00450053943039193,-0.003446697453907139,-0.0005177298305409494,-0.003363348877849574,-0.002533479152225865,-0.0036832931132070776,5.827434862852525e-05,0.006061590887262288,0.03416822348338148,-0.004341507973674088,-0.0055071662405322035,-0.00396532118109197,-0.0036869827571342994,-0.003359481544344366,-0.003104253162170167,-0.004562202655288951,-0.003290598523396778,-0.0026224479439649435,-0.006145553982290109,-0.004862654265342926,-0.003596044532373389,-0.005142335541390243,-0.0017807810319078134,-0.011178846547143418,0.000387993833294119,0.0388509185493244,-0.0031261716453176804,0.005986974610036065,-0.0019224368092515586,-0.00750244565320308,-0.12096107326891765,-0.1183407278098785,-0.00019059244740325234,-0.0002293239221379846,9.155823800171342e-06,1.0,0.09647653718282378,-0.013759068028530275,0.013090646235508442,0.002006043434733469,-0.016146783666058772,0.00014104144964912464,-0.0001910888143307343,-0.0005238551453199477,-0.0002607900569345326,-0.013016930922456383,-0.002306025518101052,0.0001430544545574885,-0.003412551267143735,-0.031249713532836013,-0.00017142815336837654,-0.00013247748917768316,0.021469897861120083,0.010589241168171696,-0.059153713425959084,-0.006009488697095789,0.056464525897913564,-0.0026958133894640825,-0.04033848003083433,-0.0006400632497420166,-0.0027896332825940325,-0.0005670042388192481,-0.008630860985143795,-0.03562810205408363,0.06132411913174047,-0.0009962967530056349
금융비용부담률,-0.01318310830921878,-0.014660499616040793,-0.014920150106376009,-0.011001621566557497,0.0011648795226560703,-0.022424866435639176,-0.018444977516898976,-0.01692415549598811,-0.016630330457011556,-0.010780614632375203,-0.01948037900573466,-0.008907687434320636,-0.006324095566813009,0.01484644247145011,-0.011486485962633885,0.0017436798657824476,-0.01916761637701012,-0.01774091733482325,-0.016513803952528126,-0.014225901161789099,-0.022695295155441334,-0.014950536439551824,-0.01172810238301269,-0.016194464707949694,-0.02428679740794263,-0.018210113874004542,-0.025613362651231823,-0.015876464986949577,-0.03320090329703789,0.006317377773910423,0.0772192448196777,-0.014913277459515048,0.001732310773927859,-0.006816106279922506,-0.10266446643270978,-0.8359965435388105,-0.8194462868303141,-5.931256516404433e-05,0.0005777234763395533,-0.0010543649928682905,0.09647653718282378,1.0,-0.07154450286677295,0.06643585519937592,0.004052712170981794,-0.13705844660895888,0.0011846935432034843,-0.004603385487390835,-0.004066914889750081,-0.0016001183772457346,-0.07481188166475587,-0.012170459872918513,-0.0073898565127705745,-0.02898167056475323,-0.16245185371182957,-0.0008721930566070998,-0.0006106737677519287,-0.031027716327017812,-0.05810427220782448,-0.2544537894776416,-0.041640617553682945,0.22924107494135404,-0.0151094268448641,-0.21156789823673436,-0.008506987875431646,-0.018200554205418554,-0.002957924959750813,-0.04629119261906227,-0.1868783920670526,0.22489532370128096,-0.010426641117034811
자본유보율,0.02671405228793361,0.028978996381728187,0.01968548905590756,0.023685576918976468,0.010189001035240536,0.020377494986682006,0.03586626280495396,-0.011127351242782243,0.028773689553940857,0.013409050625131527,0.041986402815270434,0.0184221094886544,0.019817597046092976,0.00904666363086581,0.019647397736646165,0.013215034098064668,0.022312793890183803,0.01505430584578877,0.035120889018445435,0.033661529656402546,0.034808429607523186,0.018991931192722744,0.0124296083659934,0.03991995929339058,0.04219881476430584,0.03646088775706399,0.04396373093611296,-0.00723531501333166,0.03451171102281006,-0.026224770602450567,-0.01995809578350853,0.005598518283149141,0.007846558009425568,0.013259475131345587,0.006522283699268679,0.07649734240285602,0.08023082682542253,-0.0008469789684375297,-0.0007038303388167907,-0.00047361326795721133,-0.013759068028530275,-0.07154450286677295,1.0,-0.8625413811221582,0.0002496965747032436,0.1356542237068328,0.0003666693023269078,0.0002237490600423625,0.0010869756533961011,-0.00014598636210358523,0.04413540144956078,0.00480209885167253,0.006739434950405938,0.01875581994162855,0.014795702013102565,-0.00046665891627304426,-0.0002801392874623314,-0.036677902357556844,-0.03111175241228566,0.11038394207672955,-0.0335481038272422,-0.05091746262081283,0.01233775956234011,0.08377251444948175,0.004102202516784874,0.005691714736855957,0.007905520419328717,0.040703732636081166,0.10723912254775428,-0.011431292676899761,0.005714240548602345
자본잠식률,-0.03930334215825195,-0.04198551761876135,-0.030718659177286896,-0.03494198388762683,-0.02170097628503555,-0.03019645179238458,-0.04884968044711054,0.010391104173170821,-0.03393442354486288,-0.027768289708013188,-0.043486311614734624,-0.030667490002924694,-0.030604990710027296,-0.02394189091248611,-0.03269709040478094,-0.027306244692275418,-0.03274343203963291,-0.026246164035584486,-0.042435538895518626,-0.03921802284179206,-0.04296868481558631,-0.028995310205404173,-0.02332903106034763,-0.03448010411669666,-0.04996250405075408,-0.045114673860173544,-0.050451682537719526,0.006644957584801226,-0.04304313520642479,0.03702561955204657,0.01176561511885078,-0.005954556175667278,-0.019846230733783658,-0.024571155730616696,-0.005685283474267211,-0.06911513732493602,-0.07297342495283232,0.0008629872893798226,0.000716047062128984,0.0004843523527021551,0.013090646235508442,0.06643585519937592,-0.8625413811221582,1.0,-0.0002551434075247461,-0.12151360993556029,-0.0002909120178651459,-0.00014287750072165424,-0.0009017271697545154,4.9790979870382434e-05,-0.04330295336318884,-0.004907614953349601,-0.006175123652108655,-0.02094552932868456,-0.008870108954313637,0.0004836306331722353,0.0003109132356666793,0.031967469471676425,0.022620999158555012,-0.10126715826987587,0.031471652826745584,0.04605814467137874,-0.01103308279785248,-0.07547056216345431,-0.0034346011773724763,-0.005051816532169195,-0.007273373480624415,-0.03575547633704479,-0.09062388836380857,0.011622200033216432,-0.004879830156471248
ROE,0.00010483940229150262,0.00012086026191438043,0.00011933568412764953,7.951654393724942e-05,0.0002383627737688106,0.00016756916213602814,0.00013473624914976887,0.00019383141571326817,0.00012575748811060366,8.250212147237104e-05,0.0001342016765489131,7.901798932890431e-05,0.00014490326951438717,0.0003304122017272454,3.251168521095921e-05,-0.0003021608611699417,0.00014348769131640243,0.00013196148518267734,0.0001329546756875123,0.00010645188696947733,0.00015850709534179553,0.00013029052697054543,0.00013163307847696124,0.00382672808122462,0.00015485352037031147,0.00014943531521849652,0.0001558767799338637,0.00015533991501368296,2.699695741506397e-05,0.0002691861072305915,-0.0007303364311384409,0.00011190846663671821,2.0488279741259777e-06,0.00015054403195002215,-8.564681488526857e-05,0.0066866653831999835,0.006894394405018908,-0.5678769751413731,-0.6576762385226157,-0.015274361915924966,0.002006043434733469,0.004052712170981794,0.0002496965747032436,-0.0002551434075247461,1.0,0.0005349994635081158,0.6409179967597292,6.417417750991837e-05,6.178779417134053e-05,1.9790741154318394e-05,0.0007117931182288211,0.0001160887459994915,0.00010364521832201907,0.0003936242056333263,0.001077670933970851,-0.008414565509012163,-2.4338441284136217e-06,0.000553918862185271,0.0007110518306243785,-0.0015601787471238358,0.004830512529913695,-0.0028589947448252623,0.00018556180177074915,0.0017636533296224576,8.98019305005217e-05,0.0001757149804163935,2.514078169257829e-05,0.00037576425434839207,0.0015076816605493596,0.0030406653416440096,0.00011360805084671777
ROA,0.004500737502676095,0.0035840072388920196,0.0031740993351047236,0.006733939872231118,0.0013953468211072636,0.009493911344042429,0.010666738655754954,0.0011066340780590816,0.0008051977796075989,0.00033882314683519616,0.01819929583493889,-8.779500408555673e-05,-0.0021335168313383326,-0.011034281971490213,0.0018147842272159356,-0.003892069986419078,0.008955503406406428,0.006945899117104722,0.006871052034144624,0.004945293672414001,0.028519273451808512,0.014345277428495225,-0.008167695092310561,0.033719839724976906,0.04383594390227579,0.0227109765681511,0.05382400815961894,0.0032386864183905533,0.019359079128155893,-0.004412945671610476,-0.035740806702903485,0.008394670958139212,-0.003732171664907593,-0.004330063601761727,0.02167929304709296,0.14056167338214146,0.14822800944997336,-0.0011361560888093376,-0.0009536761757610474,-0.0006197846902474819,-0.016146783666058772,-0.13705844660895888,0.1356542237068328,-0.12151360993556029,0.0005349994635081158,1.0,0.004725507121689206,0.007525247780518603,0.010695724166445843,0.0037377731633765213,0.13243480341815458,0.019187660396597497,0.011021979005800554,0.07627906220870836,0.08350526134572242,-0.0007232560933036232,-0.00014439840282766295,-0.04672951989846343,-0.07895143124858199,0.26761185304352064,-0.03365795006080076,-0.1466522279232289,0.020205444268741348,0.1887031965446262,0.004497488326184643,0.018579402754324476,0.004620269933031292,0.03435387437464497,0.13829939414957948,0.3486879244942253,0.00717232341892643
ROIC,0.00026593712139249203,0.00026588109670143883,0.000265292962232128,0.00027991775489903404,0.00030926477021615454,0.00039314311521348045,0.0003130997622126101,0.00048116853139787793,0.00024011916577983716,0.00017581093197357209,0.00030757235553886917,0.00021988089550152538,0.00025111298933414976,0.0005481154599418998,0.00022116547567131495,8.785855468679903e-05,0.0003131385598956707,0.0002679184531521534,0.00031047912586018106,0.0002443737106802739,0.0005122774541301769,0.0003176268009404709,0.00039748882117334914,0.0029197057238494212,0.00046992866489117217,0.00037817490491850146,0.0004873843567561438,0.00032720928836048546,0.0001891664391031424,-0.00015776680381033144,2.9752176379783675e-05,0.000183702829716829,0.00019919647927090335,0.0003413688101430658,0.00012321755061378713,0.005939055941116835,0.006121120211408344,-0.3951675567510329,-0.4641109480186086,-0.00012627922343164756,0.00014104144964912464,0.0011846935432034843,0.0003666693023269078,-0.0002909120178651459,0.6409179967597292,0.004725507121689206,1.0,9.910979974615622e-05,0.00010487769933207683,3.6328062660559774e-05,0.0013875972219424143,0.0002210771992850913,0.0002395338219988179,0.0007812872864281174,0.0009697147915553821,-1.8492322395695205e-05,0.23442281557101222,-0.004489614494378856,0.003125854648403797,-0.0003526566071355111,0.0011566918950914064,-0.0005083801098198865,0.0003362411765632732,0.0037433617963349747,0.00017496691020544243,0.0003301128727621282,0.0001745150693786955,0.0008200747025057597,0.002969373927403,0.004354150603013341,0.0002179123856534129
매출액증가율,-0.0001813913410079135,-0.0003032517991430876,-0.0002554004745491429,3.962534855525993e-05,0.00034813627689059045,0.0001637574073011838,-0.00032296611914960245,-0.0007173644477345413,0.00019688163548674375,-0.0004035867553592949,-0.0007238153227638979,-7.001955995920899e-05,-0.0002500471457401981,-1.1059822453889519e-07,9.503853964588304e-05,9.279058381437183e-05,3.8976106676647876e-05,0.0001408144719167263,-0.0005421022139352491,-0.0005884242668298922,0.0002710342754921325,-0.00010432766726556652,-0.00017264144886045682,0.015233160845733845,0.00040416025068812855,0.00013342178427747914,0.0003935244288280564,-0.000773658058075204,8.712509359086827e-05,0.00033973724812576907,-0.0010534976149405124,-0.0005277438246956282,-0.00016117274917032306,-0.00021936141540328775,0.0005537598930684981,0.00546983930567206,0.005305285568428703,-0.00011426583991032965,-9.476009123349738e-05,-6.421104414996164e-05,-0.0001910888143307343,-0.004603385487390835,0.0002237490600423625,-0.00014287750072165424,6.417417750991837e-05,0.007525247780518603,9.910979974615622e-05,1.0,0.1504379817352827,0.014820030588127526,0.03510665192667862,0.009926079870699642,0.015573271157164167,0.07807693598972192,0.004824183530788108,-2.7630115019015422e-06,-4.5879109196505874e-05,0.017803304410543827,0.008364389473851215,0.006523827791435659,0.004351487331273699,-0.007748031700248587,0.03441104150365989,0.00010921928584876734,0.014426401015804589,0.9986195702918254,0.00036480308401583424,-0.00037891176450537573,0.016208350050574867,-0.0036874940236395065,0.01887688390193655
영업이익증가율,-0.0007177194973404747,-0.0008130013346094892,-0.0008193659420097831,-0.0005416645557651328,0.00026019602718629464,-0.000821711321963493,-0.0008620316868851728,-0.0010777905626168191,-0.0006814704561718167,-0.0006825454744080804,-0.0009574998128454527,-0.0005897114534526781,-0.0006662186321500676,-0.00033834959811256837,-0.0005432105903990005,-0.0005715440538489048,-0.0007169019221517168,-0.0006897560143196651,-0.0007636361106781699,-0.0008136591980568322,-3.559069744193639e-05,-0.0006565346552828666,-0.000657482620905183,0.03231412615825429,2.6004499451111586e-05,-0.0003088109827738703,7.481151239937789e-05,-0.0009408797963608723,-0.0006909955691360203,0.0006656722289362313,0.00010541731550310794,-0.0007696535071078272,-0.00044493725857941007,-0.001070910310964746,0.0004892672683977842,0.004832393652161548,0.0046870172349591285,-0.0001007822213276578,-8.368269342677028e-05,-5.6463302478305056e-05,-0.0005238551453199477,-0.004066914889750081,0.0010869756533961011,-0.0009017271697545154,6.178779417134053e-05,0.010695724166445843,0.00010487769933207683,0.1504379817352827,1.0,0.05500743665430789,0.04508498182352771,0.007622336998611284,0.061021456830985484,0.16524861722311668,0.0010035853502804607,-3.4532955669376026e-05,-2.9230141159778778e-05,0.01959821912852004,0.002582221736453397,0.008039035383384612,0.0026637172727183005,-0.0066470464323559585,0.038285251471781634,0.021682688487916244,0.008855153976922861,0.15089070960795353,0.0007984714069346517,1.447275187441478e-05,0.010045459471685274,-0.0008253768859690792,0.013918223089042512
순이익증가율,-0.00044997360464304553,-0.00044089468435255254,-0.0004001324179513299,-0.00047632399034838903,-0.00039025336071599225,-0.0005332057867510276,-0.0004577951189011584,-0.0007075683935216992,-0.0004762935225530907,0.00012733107686513666,-0.00042634372904312045,-0.0004210611410257248,-0.00042439885801823864,-0.0004730341000500768,-0.000438776332913171,-0.00043148547665546234,-0.0004612866666047971,-0.0004426786089775182,-0.0003994810958072744,-0.00029131073340726626,-0.00031751035214261044,-0.00025380208539034743,-0.0005535854213610073,0.0015941421708497658,-7.722879152257621e-05,-0.0002698103745763555,4.598597683134535e-05,-0.0005357353012794543,-0.0002579539044279767,0.0004690877828100752,-0.0005423493342536813,-0.00037837483279641517,-0.0003496701811078484,-0.0004692665642194673,0.00019249360766561584,0.0019012947649741207,0.0018440990606658195,-4.003308317875154e-05,-3.3187440928394944e-05,-2.251501554015831e-05,-0.0002607900569345326,-0.0016001183772457346,-0.00014598636210358523,4.9790979870382434e-05,1.9790741154318394e-05,0.0037377731633765213,3.6328062660559774e-05,0.014820030588127526,0.05500743665430789,1.0,0.009084296478541254,0.0017084278179847155,0.005567117107997046,0.021332689851177023,0.00023288115145344738,-1.805257491491254e-05,-2.0297556931889155e-05,0.0016600223253184193,0.001920421811406247,0.001749891777646923,0.0019084449028627694,-0.0023733162956335934,0.005831075650041855,0.005381391025016902,0.0026961771954593376,0.015093853527820266,0.00012594103324454185,0.00044015818618215537,0.0026676101487860984,-0.00016862102938414292,0.0034462203174591686
총자산증가율,0.008845796635497597,0.007351526152423594,0.005634012403766258,0.012209168004840936,0.010902628645266263,0.01410324312992738,0.008948137100624766,-0.004255004985073979,0.010149584103050915,0.010001865664153026,0.0037003441513382305,0.008013168684792111,0.006003099406662984,0.016663054631812387,0.011711130411217687,0.014564344261855546,0.009144137550840016,0.009043525105563869,0.003438762684011001,0.0009977481578702,0.013907882863980526,0.014845743597865684,0.006818527461306742,0.010506090030468483,0.020196566074209648,0.013635844998377748,0.021870105504194846,-0.006549574643659142,0.0044735384282537025,-0.02124623788519151,0.05312495748046067,0.0021411174613191093,0.005434241982133497,0.0028566097636369045,0.008999593257950394,0.08889299821749966,0.08621878679462147,-0.0018729576822211131,-0.001552781988558647,-0.001053214159934224,-0.013016930922456383,-0.07481188166475587,0.04413540144956078,-0.04330295336318884,0.0007117931182288211,0.13243480341815458,0.0013875972219424143,0.03510665192667862,0.04508498182352771,0.009084296478541254,1.0,0.10907594552772029,0.03103208100186705,0.18014140933735084,0.09292646888290633,-0.0008508831094570255,2.042757491291817e-05,-0.024229787953960722,-0.06477048856222307,0.007106985167189267,-0.09396510311064021,0.10086818247571534,0.05424620299049612,0.22905248625594393,0.008842298623514306,0.04836744217034617,-0.0009566276372068814,0.0488059420596749,0.28580266847646496,0.03741320443966982,0.01607392135246315
유동자산증가율,0.0015767864791820972,0.0016449310993979856,0.0008684325714522222,0.001520210900284467,0.0009286971960779931,0.0012998184449066806,0.0014380062154254467,0.0006163107712445326,0.0011336734420271208,0.0031468215074309225,0.0005526209880143967,0.0016051315871172815,0.0013061207391220856,0.002237903458050918,0.0021012994265076027,0.003911914409662911,0.0008277730261095548,0.0008938711327466899,-0.0004686749079131602,-0.0003655627848149974,0.0022172882074302557,0.0021008198121515408,0.001114138725854344,0.0075545448718016385,0.003196412145466318,0.0020292076585390257,0.003242660658484098,0.0006732076701133246,0.00037798861244147514,-0.001516138428618996,0.005366649351427358,-0.0007881896767315288,0.001264213022027101,0.0012308344653913076,0.0014642965226947943,0.0144612263627442,0.014026189226215303,-0.00030442440807080764,-0.0002524084052177806,-0.00017114606036210705,-0.002306025518101052,-0.012170459872918513,0.00480209885167253,-0.004907614953349601,0.0001160887459994915,0.019187660396597497,0.0002210771992850913,0.009926079870699642,0.007622336998611284,0.0017084278179847155,0.10907594552772029,1.0,0.0035851073792711615,0.02904125553726538,0.0015027160636464669,-0.00015481204390648134,-6.641393642779082e-05,0.022229643135646977,0.015045021844794176,-0.0028624572712234032,0.009660222238855688,0.0024163729641843486,0.03528821337077978,0.03507528114506904,0.010133665421806565,0.01214540546083597,0.000645909842252762,0.005280909837036622,0.046969566565779004,0.008900738823924314,0.014769396424769952
유형자산증가율,-0.001997321353488235,-0.0022920377472970778,-0.002555644839994983,-0.0015794015966581053,-0.00046987207671542837,-0.002658298010243576,-0.002379420917684784,-0.003141234321709668,-0.0024886167853760115,-0.001656766318958638,-0.002188751847134668,-0.001639364713083837,-0.0017249813489825943,-0.0015022246884032365,-0.0016832479849782141,-0.0008295714595734204,-0.002322519138860478,-0.00217958970881574,-0.002347004258859141,-0.002159205223719875,-0.0014155964294004944,-0.0021363944497717036,-0.0019330703369958714,0.020336698676352887,-0.0013623456999364736,-0.0014719629947507176,-0.0013233203069499125,-0.002240258483775336,-0.001986720984758906,0.002157269225589707,-0.0010082441748569195,-0.0023633719601284966,-0.0010308233320522062,-0.0015459148055433601,0.0008890949673290079,0.00878080581139228,0.008516647841502075,-0.00018121962188430242,-0.00015052098664551604,-0.00010144816350132108,0.0001430544545574885,-0.0073898565127705745,0.006739434950405938,-0.006175123652108655,0.00010364521832201907,0.011021979005800554,0.0002395338219988179,0.015573271157164167,0.061021456830985484,0.005567117107997046,0.03103208100186705,0.0035851073792711615,1.0,0.06639323268205771,-0.005530151935014209,-4.385263249890813e-05,-4.449897056653338e-05,-0.0048584486231590005,0.023715405111223217,0.013365789347881364,0.009838845480723179,-0.024807485017482703,0.06985415802394093,0.0291308050110783,0.07129541596905355,0.016978827603006,-0.0004631496135984027,0.01716845531477246,0.03086688746748635,-0.007344788418311473,0.07967029377310977
자기자본증가율,-0.0026647950581259157,-0.0029048562959014096,-0.0032650054059391617,-0.0022029120288832595,-0.0020115579095592332,-0.0021289273013976205,-0.0025259888936203898,-0.006957589611203121,-0.002741383563531739,0.003328545333217358,-0.0032137879464115026,-0.002677019254335856,-0.00329325266690437,-0.00230042530394565,-0.0022792628034623945,-0.002785962360271026,-0.0021871878846494077,-0.001986351157958469,-0.0035991171978885747,-0.0033588568696424877,0.0015772927903208677,2.7329166839480005e-05,-0.0031776280136476954,0.017443876178932175,0.004431533997576845,0.0014530982362627146,0.005368057086963558,-0.006804330413341199,-0.00015242511052327256,0.0020050017056500854,-0.004029900741760444,-0.0030883982077576726,-0.0027833100690494708,-0.002863749360461077,0.003486576533390308,0.03443665190868755,0.03340070521470078,-0.0007255492853559213,-0.000601673100092773,-0.00040775672076548777,-0.003412551267143735,-0.02898167056475323,0.01875581994162855,-0.02094552932868456,0.0003936242056333263,0.07627906220870836,0.0007812872864281174,0.07807693598972192,0.16524861722311668,0.021332689851177023,0.18014140933735084,0.02904125553726538,0.06639323268205771,1.0,0.022584108554382743,-0.000271856397073204,-0.00010815250981238705,0.04071604853042469,0.004535891569184723,0.053291009357258765,0.008235498264694616,-0.039371882792186653,0.06772915739814811,0.10123384568809946,0.02774170799901999,0.08334202137419797,0.0010901280994125753,0.015451782924086,0.047104063595519906,-0.010689201019993027,0.036509449089660556
총자산회전율,-0.015020233734064624,-0.017388716840719198,-0.016220385471453776,-0.010822834811118585,-0.013991303458088212,-0.00107905431453032,-0.015635427742806938,-0.022694473069195902,-0.020626013338906457,-0.013523995004524409,-0.012387307011961987,-0.01377755578291948,-0.01929032483990247,-0.03713331503330901,-0.010586751000507098,-0.014537337566712492,0.009900185707096866,0.013517275407092081,-0.005047059505499778,-0.009603553084916915,-0.006800891394825497,-0.005968719178301579,-0.007407124082470467,0.004491791448017973,-0.005784126490620313,-0.007560513324831053,-0.005752558225023421,-0.018147196887626865,-0.003543290150536778,0.018485808875706163,-0.042096697215186864,0.0004709195014274499,-0.01567030823343312,-0.014799235225353279,0.019540833410423994,0.19302848258915048,0.18722145933317158,-0.004019120168964923,-0.0033690193367616863,-0.002199921744402403,-0.031249713532836013,-0.16245185371182957,0.014795702013102565,-0.008870108954313637,0.001077670933970851,0.08350526134572242,0.0009697147915553821,0.004824183530788108,0.0010035853502804607,0.00023288115145344738,0.09292646888290633,0.0015027160636464669,-0.005530151935014209,0.022584108554382743,1.0,-0.0007264830154424358,-0.0026503246314106186,-0.06017744820877423,-0.1316981078085691,0.10763968454445384,0.0799421905664819,-0.1410881287666249,-0.00013329853244725456,0.1461678588208352,-0.013378693609664457,0.013227918467831045,-0.0008564407428966583,0.023702697991263347,0.10799028822623497,-0.09497119317241826,-0.013187465889665666
자기자본회전율,-0.0002255684194475356,-0.0001900586449684598,-0.0002616917252303546,-0.00029699136810711557,-0.0003177948115163941,-0.00033738374630839466,-0.00029785164187997194,-0.0004168933716708543,-0.0003000051755219926,-0.0001935704778354136,-0.0002851936053025379,-0.00016460073321317758,-5.762075305442068e-05,0.00046290523988254157,-0.00026281082150171695,-0.00021748739338183103,-0.00026428062705498924,-0.0002434814719290662,-0.00023986527066803317,-0.00021925257630189737,-0.00029490133634799956,-0.0002449238175484025,-0.0002462376643853383,-9.583848244237611e-05,-0.00028561324485520473,-0.000277656873404284,-0.0002821700289272145,-0.00032748731216167396,-0.00018601083529328825,-0.00022568640334285457,0.0010398440428485232,-0.00019293901144227122,-4.47688530409525e-06,-0.0002590931060294182,0.00010498404483223512,0.001036365521894774,0.0010051868520168992,0.48912377664915524,0.054180265821820735,0.846691065350626,-0.00017142815336837654,-0.0008721930566070998,-0.00046665891627304426,0.0004836306331722353,-0.008414565509012163,-0.0007232560933036232,-1.8492322395695205e-05,-2.7630115019015422e-06,-3.4532955669376026e-05,-1.805257491491254e-05,-0.0008508831094570255,-0.00015481204390648134,-4.385263249890813e-05,-0.000271856397073204,-0.0007264830154424358,1.0,0.5432509735137404,0.01442740751255382,0.011527087940571383,-7.876857507571593e-06,-0.003949547476572347,0.003332029538157111,-0.00010314811108053864,-0.0026223269437426733,-9.735676640156506e-05,-0.00017336519955771492,-4.057561422462406e-05,-0.0005840130908034672,-0.002366810774636757,-0.0011870138660055583,-0.0001098476097577047
순운전자본회전율,0.0031433164612547446,0.002999258685703295,0.0041464448653869765,0.0037753054841622533,0.004534141958150317,0.005920897129384553,0.001913126206331954,0.004071236391087271,0.008991757375516619,0.0007400986114547623,-0.0005728063163250403,0.0037920300585947246,0.004357209875322132,0.007581569072179211,0.004276375313135139,0.004604941136040412,0.003972073658330088,0.004225783565417924,0.002695007349374627,0.003337500408282413,0.0012344351700400607,0.0033877700052147696,0.005447345624939876,-0.0001859917025187098,-0.0003785103953471293,0.00033598832264586874,-0.0006519651579001152,0.003912422618089971,0.0024961671344503732,-0.002735314754527059,0.0007200915093574728,0.00045325211591744433,0.003165081880381231,0.004839467468704546,7.349419065655909e-05,0.0007256138921490224,0.0007037847930394832,0.33053266683519533,0.0009395776775257745,0.6302075810292237,-0.00013247748917768316,-0.0006106737677519287,-0.0002801392874623314,0.0003109132356666793,-2.4338441284136217e-06,-0.00014439840282766295,0.23442281557101222,-4.5879109196505874e-05,-2.9230141159778778e-05,-2.0297556931889155e-05,2.042757491291817e-05,-6.641393642779082e-05,-4.449897056653338e-05,-0.00010815250981238705,-0.0026503246314106186,0.5432509735137404,1.0,0.0037260090259655224,0.006500300002441589,-0.00020004662087365322,-0.0032635328998597713,0.0029535067786519756,-0.00014203518903979986,0.0018832326132613001,-1.8710639700347627e-05,5.76828851729212e-05,-1.1754220729464305e-05,0.00032030316314468794,0.001407938224102272,-1.5626820150429364e-05,-3.771479240006655e-05
유형자산회전율,-0.007652375797130068,-0.008454188621447412,-0.01125393105196788,-0.006672228190633219,0.001811362982429226,-0.012969007067553788,-0.010433335237135589,-0.00984147506736974,-0.009540918595413356,-0.006487868676071799,-0.01110208018897748,-0.00535235580848907,-0.002890746805845286,0.012922561891595135,-0.007721758193834019,-0.00363560444795561,-0.011216069302735172,-0.010480384038248337,-0.010067784938312426,-0.00942034185752491,-0.010904542494721163,-0.009240382065177456,-0.007519327140131107,0.11035033512550099,-0.011499048748421116,-0.00992950757995173,-0.011733148011885061,-0.008143659469990159,-0.01738367364802433,0.007442231808379243,0.030339508506346632,-0.010044198361506655,0.0004404555606854,-0.004843306917821108,0.0037342865947821856,0.03688357707107276,0.03576892208802657,0.01366366419131787,0.00309512257352836,0.021079498123791843,0.021469897861120083,-0.031027716327017812,-0.036677902357556844,0.031967469471676425,0.000553918862185271,-0.04672951989846343,-0.004489614494378856,0.017803304410543827,0.01959821912852004,0.0016600223253184193,-0.024229787953960722,0.022229643135646977,-0.0048584486231590005,0.04071604853042469,-0.06017744820877423,0.01442740751255382,0.0037260090259655224,1.0,0.2681217147987435,-0.12232310013329677,0.02658428736298542,0.07517114938668572,0.03353273395213236,-0.09039849897421252,0.01492921161861048,0.011801215310372128,-0.0019344929228234335,-0.010388096799066408,-0.07896181974948209,0.12501204714470593,0.019251420958371172
매출채권회전율,-0.01706462069345216,-0.016050308890511636,-0.016476732637218855,-0.019690869624483853,-0.01200376871215537,-0.027753566734245973,-0.02063208528228178,-0.018610613108937905,-0.019123422217841596,-0.011299086056502658,-0.021423074850758447,-0.013784998887212593,-0.010519129125959915,0.0022261654342465007,-0.017704456748869418,-0.013137923981318153,-0.022093516861151827,-0.020890322448620203,-0.018529237283965994,-0.015316514137709304,-0.02281782168671149,-0.01805957999426576,-0.016463231453372373,0.10146455455861421,-0.023077881124638204,-0.020433015463313272,-0.023396849414271902,-0.016117972403595384,-0.022802534752906965,0.011705215094694502,0.029753073814489515,-0.016662186026634884,-0.006619478625004548,-0.014123253826007738,0.006993215432604937,0.06906191629817562,0.06697836119302651,0.0066857493097541255,0.0009156645607289695,0.011288784732092905,0.010589241168171696,-0.05810427220782448,-0.03111175241228566,0.022620999158555012,0.0007110518306243785,-0.07895143124858199,0.003125854648403797,0.008364389473851215,0.002582221736453397,0.001920421811406247,-0.06477048856222307,0.015045021844794176,0.023715405111223217,0.004535891569184723,-0.1316981078085691,0.011527087940571383,0.006500300002441589,0.2681217147987435,1.0,-0.11714280690212625,-0.018493241096427658,0.10308967543395868,-0.018635214028359545,-0.1537875115091541,0.032850595508311556,-0.001595601217228468,-0.00034760587050708023,-0.02925284020151407,-0.1291726718958705,0.08234381070355284,0.029804797608049657
부채 대비 영업활동으로 인한 현금흐름,0.015523242526438124,0.016872869962541063,0.016771311242203598,0.014273784390500949,-0.0026557759789996673,0.018048980616913287,0.026947694840045947,0.023809930861574513,0.020311337538947014,0.007225759909121543,0.033019509364112395,0.00653016743554326,0.0043606643425485765,-0.014290547015151256,0.009037456084167093,-0.00697387057688317,0.019261291492271328,0.01463900020455833,0.022153732289913523,0.01949850916055765,0.04132199463105392,0.01668419300705136,0.011882421339518685,0.02209318684260822,0.0460457681853978,0.036723371523939924,0.049333633621173704,0.02254265560897929,0.06793232813287381,-0.02347187903711442,-0.10250316846697076,0.018708950597460854,-0.004732776838419608,0.006071402112477536,0.027540343640592786,0.2829484558690331,0.28342708469312056,-0.004646022229714471,-0.005026961141457549,-0.0007006123467626533,-0.059153713425959084,-0.2544537894776416,0.11038394207672955,-0.10126715826987587,-0.0015601787471238358,0.26761185304352064,-0.0003526566071355111,0.006523827791435659,0.008039035383384612,0.001749891777646923,0.007106985167189267,-0.0028624572712234032,0.013365789347881364,0.053291009357258765,0.10763968454445384,-7.876857507571593e-06,-0.00020004662087365322,-0.12232310013329677,-0.11714280690212625,1.0,-0.21134991580790513,-0.48413990643150384,0.00697981203333868,0.22373017615962157,0.008168398436492188,0.02012722398056005,0.004731474888905081,0.03920291999255261,0.15561791441104472,-0.6236382568239305,0.008988796231565954
부채 대비 투자활동으로 인한 현금흐름,0.009359729267002414,0.007080723565901065,0.006377555342841462,0.013494416619450599,0.020939820396498297,0.01794874065478813,0.005257735451465439,0.0007005862331002545,0.0008891189455322546,0.008140977791345226,0.005322593565072634,0.011967103154068756,0.009559267730449381,0.0049213449791883895,0.014945689438050778,0.01647492998179817,0.013072087345035862,0.01403684474899582,0.00733474068065315,0.006467737195194602,0.00450857803503766,0.012278972586243723,0.012201200327877918,0.017139617326372866,0.0029295549701489707,0.004630904975892211,0.0012544243088372662,0.00921186632208763,-0.005616230876198591,0.03861108095095583,-0.0744045134481903,0.0042270684420441075,0.008942058913634249,0.01617923193618339,0.00975815788808324,0.09209085000277906,0.0864324429319681,-0.004855262332897413,-0.0025204402237981316,-0.005178901416478754,-0.006009488697095789,-0.041640617553682945,-0.0335481038272422,0.031471652826745584,0.004830512529913695,-0.03365795006080076,0.0011566918950914064,0.004351487331273699,0.0026637172727183005,0.0019084449028627694,-0.09396510311064021,0.009660222238855688,0.009838845480723179,0.008235498264694616,0.0799421905664819,-0.003949547476572347,-0.0032635328998597713,0.02658428736298542,-0.018493241096427658,-0.21134991580790513,1.0,-0.6485690900064617,0.019397643881708223,0.14185107303742603,0.012761930033368916,0.01374442980950261,0.005031392199026982,0.026366833446658283,0.08956838752039288,0.1339348225301898,0.01519766233300843
부채 대비 재무활동으로 인한 현금흐름,-0.02079618075546516,-0.020554329865804168,-0.019765656293371035,-0.021989374485417854,-0.01660538047370967,-0.030436973147262434,-0.025614315100200548,-0.01872041187127369,-0.01582201413552642,-0.013737822117775213,-0.030472861661506267,-0.016461495482856445,-0.012665323413321933,0.006653458204371941,-0.020849392674328712,-0.010435304490597085,-0.026727946931149445,-0.024310573110469837,-0.02341672983575982,-0.020951643869627792,-0.03392338703531895,-0.023791482961415415,-0.021034121469929723,-0.03206383456388591,-0.035396493268764304,-0.030499956024294332,-0.03662788499055846,-0.026213054977310236,-0.043285857296970924,-0.01062395673826812,0.15340009159729537,-0.018251685767292573,-0.005377712403189414,-0.020204816127608154,-0.029292665224446464,-0.29644824732183866,-0.29223949455346054,0.007310731830455013,0.005633770341915994,0.004806347261423799,0.056464525897913564,0.22924107494135404,-0.05091746262081283,0.04605814467137874,-0.0028589947448252623,-0.1466522279232289,-0.0005083801098198865,-0.007748031700248587,-0.0066470464323559585,-0.0023733162956335934,0.10086818247571534,0.0024163729641843486,-0.024807485017482703,-0.039371882792186653,-0.1410881287666249,0.003332029538157111,0.0029535067786519756,0.07517114938668572,0.10308967543395868,-0.48413990643150384,-0.6485690900064617,1.0,-0.02720009695492951,-0.29663061183110206,-0.01930009431455271,-0.02670659399151367,-0.007663229296652257,-0.060770990173756714,-0.20552312097935485,0.3111207327506033,-0.022693514836860475
DSRI,-0.004016505976958222,-0.0041416261284938855,-0.00430182489000868,-0.003912114009045403,-0.0018880684218445037,-0.005463067202979805,-0.004575884042232289,-0.005093670472604879,-0.004758157982938675,-0.002647541662344391,-0.004273719380961877,-0.003492367584144509,-0.0034788198322914803,-0.0033650745931787423,-0.0037521965355111248,-0.0029301741585930287,-0.00452030900531573,-0.004282448380929899,-0.00437398589841542,-0.0036621816512119364,-0.0029200807076603394,-0.004276814761312479,-0.004117928619141071,0.022424719703966256,-0.0026555208447086075,-0.003279074019596396,-0.0024975381913216145,-0.003937595158652321,-0.0038865064990414853,0.004277139540843235,-0.0022136202268310443,-0.0037503793120412074,-0.0024716990686500435,-0.003322170478286151,0.001817904949110954,0.01795337761512731,0.017413272340425386,-0.0003744138212275012,-0.00031131713570452615,-0.00020906414314539733,-0.0026958133894640825,-0.0151094268448641,0.01233775956234011,-0.01103308279785248,0.00018556180177074915,0.020205444268741348,0.0003362411765632732,0.03441104150365989,0.038285251471781634,0.005831075650041855,0.05424620299049612,0.03528821337077978,0.06985415802394093,0.06772915739814811,-0.00013329853244725456,-0.00010314811108053864,-0.00014203518903979986,0.03353273395213236,-0.018635214028359545,0.00697981203333868,0.019397643881708223,-0.02720009695492951,1.0,0.051090824342405486,0.04707538397236601,0.03727929624493124,0.00865274887319482,0.04135664604948083,0.05290551006039187,0.0021646456381503687,0.18219944890954234
GMI,0.029085199512038494,0.02885167012349524,0.02763135019352163,0.03069273403529213,0.0232777357837255,0.03981937325773096,0.03396555644451028,0.02514987805316018,0.018456033829771037,0.022731245854487075,0.04201875051848113,0.024273846721888787,0.021087361137414638,0.004687230197807123,0.028659204879821022,0.02495076563095097,0.035806541207500986,0.03251000484315776,0.031746435306069916,0.026372046822540927,0.04283569014195148,0.02700342739234832,0.024267887417152634,0.0168403092437715,0.04433689366611312,0.038017610289715155,0.046332621715362565,0.026993382154143885,0.038714134471241085,-0.014717262668916662,-0.06409851926190167,0.0225259975010363,0.015626969701954454,0.02517360776666029,0.025450913566749306,0.25138932321058477,0.24382659447502353,-0.005304674254909333,-0.004397787200959495,-0.0029830724321967,-0.04033848003083433,-0.21156789823673436,0.08377251444948175,-0.07547056216345431,0.0017636533296224576,0.1887031965446262,0.0037433617963349747,0.00010921928584876734,0.021682688487916244,0.005381391025016902,0.22905248625594393,0.03507528114506904,0.0291308050110783,0.10123384568809946,0.1461678588208352,-0.0026223269437426733,0.0018832326132613001,-0.09039849897421252,-0.1537875115091541,0.22373017615962157,0.14185107303742603,-0.29663061183110206,0.051090824342405486,1.0,0.02759554818536638,0.04131564238747738,0.021513756218324673,0.22764757962399879,0.5514779201096335,-0.10642239009755323,0.03410505000200926
AQI,-0.002624138462092558,-0.0023289522565207903,-0.0019286207800466102,-0.0032502785491347152,-0.002854198286329611,-0.0035790265204978986,-0.002913288044868317,-0.0015407349421604007,-0.0030376879928415887,-0.0014428949320618861,-0.0029775571800782015,-0.0022946563614176124,-0.0019183663577084847,-0.0011051346543447839,-0.0028353506773525217,-0.002774549727272591,-0.0031401186136474266,-0.0029250998944301836,-0.0029624128394619407,-0.002148460787713952,-0.0028218685469461385,-0.0026472374803806205,-0.002686536076669258,0.017017233522508876,-0.0026270420555802175,-0.002747502478478347,-0.0025293086301429904,-0.0009667437650596697,-0.0020653500341140337,0.002880423089565768,-0.0029087976285822295,-0.0025849588729720575,-0.0016075528038989194,-0.0024123029101843995,0.0010236926780033185,0.010108237461242167,0.009804142171707214,-0.0002095441727091525,-0.00017480773530543985,-0.00011606726027015996,-0.0006400632497420166,-0.008506987875431646,0.004102202516784874,-0.0034346011773724763,8.98019305005217e-05,0.004497488326184643,0.00017496691020544243,0.014426401015804589,0.008855153976922861,0.0026961771954593376,0.008842298623514306,0.010133665421806565,0.07129541596905355,0.02774170799901999,-0.013378693609664457,-9.735676640156506e-05,-1.8710639700347627e-05,0.01492921161861048,0.032850595508311556,0.008168398436492188,0.012761930033368916,-0.01930009431455271,0.04707538397236601,0.02759554818536638,1.0,0.01605202964075227,0.0005671157280383821,0.011512474670051334,0.01962713888204987,-0.009167775405014948,0.9907485990520443
SGI,0.0018154991214551523,0.0016706930795533535,0.0016533134232149284,0.0021584096624146527,0.002004843514393961,0.002878832312678743,0.002026152535319747,0.0010360753350314945,0.0014706453443665086,0.0011608764732678287,0.0021424101916120673,0.0015941881219845536,0.0012101844243383511,0.00040390854673247106,0.0020460397192823467,0.0018338583884819576,0.0024707699097399312,0.002400209331311714,0.0015232768260799359,0.0011707902314356383,0.00296735730329701,0.0017671686475645503,0.0014415733706927422,0.016106705664653515,0.00322919836017232,0.0025394387148029566,0.003294198905715853,0.001099804266082427,0.002663968204236474,-0.0006763045542079539,-0.005259009147950969,0.0010490271451573418,0.000900890819780616,0.0014376263460594832,0.0021894405300827494,0.02162627355308405,0.02097567389847174,-0.0004552046698286639,-0.00037741052545997935,-0.0002559398564986925,-0.0027896332825940325,-0.018200554205418554,0.005691714736855957,-0.005051816532169195,0.0001757149804163935,0.018579402754324476,0.0003301128727621282,0.9986195702918254,0.15089070960795353,0.015093853527820266,0.04836744217034617,0.01214540546083597,0.016978827603006,0.08334202137419797,0.013227918467831045,-0.00017336519955771492,5.76828851729212e-05,0.011801215310372128,-0.001595601217228468,0.02012722398056005,0.01374442980950261,-0.02670659399151367,0.03727929624493124,0.04131564238747738,0.01605202964075227,1.0,0.0009401215565640272,0.008637953874192833,0.05257115224957104,-0.010702414281388423,0.020866760037456557
DEPI,0.00017608337347516806,0.00023615694432694775,-0.00020215120205784926,8.282724628591031e-05,-4.421098660938512e-05,-9.444264467357696e-05,0.0004281429175918093,0.0005065212420889302,-5.507645381945322e-05,7.579522580244829e-05,0.0005225359052011152,-1.4595972735301802e-05,-0.0001671592790330819,-0.0005322771698895769,8.1339624143893e-05,-0.0001462553812419738,0.00010857375892375287,6.296887040397791e-05,1.970831242550992e-05,-7.836358329979739e-05,0.0006560520178483303,0.0002975120443590863,0.00015928759362550377,0.005086830901902031,0.0007088268272001099,4.988759747049517e-06,0.0009514906896660479,-0.00023292236367783962,0.0001685855694041097,0.0003787059515397862,-0.0015657659462683742,-0.00010781533415339912,-0.00021419666232481277,0.00020807801552967192,0.00035587190099354394,0.0035146692595977927,0.0034089359225811184,-7.420720372005949e-05,-6.152513448743836e-05,-4.172354902031548e-05,-0.0005670042388192481,-0.002957924959750813,0.007905520419328717,-0.007273373480624415,2.514078169257829e-05,0.004620269933031292,0.0001745150693786955,0.00036480308401583424,0.0007984714069346517,0.00012594103324454185,-0.0009566276372068814,0.000645909842252762,-0.0004631496135984027,0.0010901280994125753,-0.0008564407428966583,-4.057561422462406e-05,-1.1754220729464305e-05,-0.0019344929228234335,-0.00034760587050708023,0.004731474888905081,0.005031392199026982,-0.007663229296652257,0.00865274887319482,0.021513756218324673,0.0005671157280383821,0.0009401215565640272,1.0,0.004453758495692244,0.00447474275143331,0.00016660221829511193,0.001734828649212554
SGAI,0.005635004451481758,0.0057915529685163706,0.00495306753957918,0.0055836118741419425,0.004140960742027992,0.007160676199395971,0.007015740617515008,0.004253617898591491,0.0033654044200676575,0.004320442800277458,0.009004762607016574,0.00442103711529379,0.0037977595525600263,0.0007670632485913472,0.005226521021692891,0.00514366040552615,0.006369953138172353,0.005801653034301839,0.006002194624241434,0.004789952027124224,0.007382475041601071,0.005088100201476876,0.004269749600797039,0.009365671098288718,0.007830628798100557,0.006435186181658463,0.008358880181925607,0.004736071734423204,0.006955935517684594,-0.0023687793056071113,-0.013067951052362463,0.003963059823349713,0.0028393833676028865,0.004428441229162332,0.005568749995953902,0.05500415027850111,0.05334942123019451,-0.001160354662642827,-0.0009620658721866464,-0.0006523838325212806,-0.008630860985143795,-0.04629119261906227,0.040703732636081166,-0.03575547633704479,0.00037576425434839207,0.03435387437464497,0.0008200747025057597,-0.00037891176450537573,1.447275187441478e-05,0.00044015818618215537,0.0488059420596749,0.005280909837036622,0.01716845531477246,0.015451782924086,0.023702697991263347,-0.0005840130908034672,0.00032030316314468794,-0.010388096799066408,-0.02925284020151407,0.03920291999255261,0.026366833446658283,-0.060770990173756714,0.04135664604948083,0.22764757962399879,0.011512474670051334,0.008637953874192833,0.004453758495692244,1.0,0.3716224064672259,-0.021036038851936962,0.016951016106030187
LVGI,0.02936071854611332,0.029129157452197234,0.027649323388706272,0.03097673885226602,0.02464247395064037,0.039101363666604994,0.03406598618403359,0.026328026581114564,0.02155998552957275,0.02125713027735165,0.04057167474894091,0.024679265831260445,0.022043438414478686,0.009682959088711038,0.028866859271971867,0.027467230217759823,0.034182692734095764,0.03164119789664945,0.029629597690856893,0.024812654517323365,0.03752662280375009,0.027540090474987518,0.024606681435081157,0.027342000201391766,0.03847695479498193,0.0328113912941314,0.03903436110229359,0.0281729377818986,0.03421690610909589,-0.0186842471134773,-0.04165166761548924,0.022377844055654645,0.016583664966562692,0.023522859010906526,0.022480747505572544,0.2220527359678992,0.2153725608308618,-0.004685592203669086,-0.003884712356646071,-0.0026346606784836144,-0.03562810205408363,-0.1868783920670526,0.10723912254775428,-0.09062388836380857,0.0015076816605493596,0.13829939414957948,0.002969373927403,0.016208350050574867,0.010045459471685274,0.0026676101487860984,0.28580266847646496,0.046969566565779004,0.03086688746748635,0.047104063595519906,0.10799028822623497,-0.002366810774636757,0.001407938224102272,-0.07896181974948209,-0.1291726718958705,0.15561791441104472,0.08956838752039288,-0.20552312097935485,0.05290551006039187,0.5514779201096335,0.01962713888204987,0.05257115224957104,0.00447474275143331,0.3716224064672259,1.0,-0.08872512572660253,0.02650782231692863
TATA,-0.013087200755914848,-0.01605912773639487,-0.0168541077880327,-0.007960656007110972,0.007092302178419181,-0.015156754194086009,-0.015394810857575091,-0.021852136319359835,-0.01796834657247286,-0.008032597287729495,-0.012790132613433633,-0.010943994700874066,-0.009985452195903466,0.003317299875816723,-0.01229252226409037,-0.0003553146121114632,-0.015528119528640501,-0.013543719318299334,-0.01652396487048133,-0.015668865729005166,-0.016104252814536747,-0.009513642929722007,-0.020076587169854557,0.006155395619347877,-0.00920553450380868,-0.013943657735983137,-0.004253899504329233,-0.01787891691852431,-0.052791547860623816,0.02019627157345227,0.07903806944352314,-0.013186925523301966,-0.001588522809271359,-0.01456697680313158,-0.020914891294938807,-0.24768577270618145,-0.24578652579921964,0.004620816012428033,0.005482940683698217,-8.9431324895129e-05,0.06132411913174047,0.22489532370128096,-0.011431292676899761,0.011622200033216432,0.0030406653416440096,0.3486879244942253,0.004354150603013341,-0.0036874940236395065,-0.0008253768859690792,-0.00016862102938414292,0.03741320443966982,0.008900738823924314,-0.007344788418311473,-0.010689201019993027,-0.09497119317241826,-0.0011870138660055583,-1.5626820150429364e-05,0.12501204714470593,0.08234381070355284,-0.6236382568239305,0.1339348225301898,0.3111207327506033,0.0021646456381503687,-0.10642239009755323,-0.009167775405014948,-0.010702414281388423,0.00016660221829511193,-0.021036038851936962,-0.08872512572660253,1.0,-0.008730085685821627
Beneish M-Score,-0.0031287631730746997,-0.0028551952758000387,-0.002482893075333542,-0.0037309220760949778,-0.0030660491392383265,-0.0042652400452443725,-0.0034893857558387802,-0.002208657951419423,-0.003636604628494511,-0.001780014310698927,-0.003511596322875493,-0.0027332268286495683,-0.002360984512180123,-0.001545023273159783,-0.0033007609719209016,-0.00312922955891899,-0.0037051163537025695,-0.0034611459961811576,-0.003510312935192068,-0.0026123910778140325,-0.003174436835383771,-0.003186865815628642,-0.0032039653297752297,0.0197976224696235,-0.0029467140777530436,-0.003150008220554661,-0.002829045119606211,-0.0014865830221580034,-0.002561061701214707,0.0034164505891598946,-0.003164022370272113,-0.003054041617176619,-0.0019182052833247372,-0.002825909929711618,0.0012546559647572334,0.012389217406353506,0.012016500760365324,-0.0002571333423445976,-0.00021436783413529862,-0.00014265507256981148,-0.0009962967530056349,-0.010426641117034811,0.005714240548602345,-0.004879830156471248,0.00011360805084671777,0.00717232341892643,0.0002179123856534129,0.01887688390193655,0.013918223089042512,0.0034462203174591686,0.01607392135246315,0.014769396424769952,0.07967029377310977,0.036509449089660556,-0.013187465889665666,-0.0001098476097577047,-3.771479240006655e-05,0.019251420958371172,0.029804797608049657,0.008988796231565954,0.01519766233300843,-0.022693514836860475,0.18219944890954234,0.03410505000200926,0.9907485990520443,0.020866760037456557,0.001734828649212554,0.016951016106030187,0.02650782231692863,-0.008730085685821627,1.0
