,종업원,자산,비유동자산,유형자산,유동자산,재고자산,매출채권,자본,자본금,자본잉여금,기타포괄손익누계액,이익잉여금,부채,비유동부채,장기차입금,유동부채,단기차입금,매출액,매출원가,판매비와관리비,감가상각비,영업이익,영업외수익,영업외비용,이자비용,법인세비용차감전손익,법인세비용,당기순이익,기초자본금,영업활동으로 인한 현금흐름,투자활동으로 인한 현금흐름,재무활동으로 인한 현금흐름,차입금,매출총이익률,영업이익률,순이익률,부채비율,유동부채비율,비유동부채비율,유동비율,이자보상배율,금융비용부담률,자본유보율,자본잠식률,부채 대비 영업활동으로 인한 현금흐름,부채 대비 투자활동으로 인한 현금흐름,부채 대비 재무활동으로 인한 현금흐름,ROE,ROA,ROIC,매출액증가율,영업이익증가율,순이익증가율,총자산증가율,유동자산증가율,유형자산증가율,자기자본증가율,총자산회전율,자기자본회전율,순운전자본회전율,유형자산회전율,매출채권회전율,DSRI,GMI,AQI,SGI,DEPI,SGAI,LVGI,TATA,Beneish M-Score
종업원,1.0,0.4522239580474874,0.42341267544192807,0.39029777034929397,0.41797716658331735,0.26785327924084124,0.4381804596696077,0.471205733503832,0.3463178063168433,0.3337564759160248,0.162759533706882,0.44383378618118186,0.3981541410492597,0.30518418065486663,0.156267444214491,0.4215618768301646,0.20976872021086224,0.5129245371927801,0.47099167183896895,0.5029773241945157,0.37282138837685735,0.4351940636197695,0.3946382191457504,0.36870484052143515,0.29697428586483643,0.40299851742735615,0.41018944886019787,0.38770416406812636,0.29969340136360934,0.3500008604422866,-0.28516668887739544,-0.04563789938293482,0.23418405086756328,0.009040820494444097,0.09812335363766646,0.09538440553506318,-0.0022509121043763737,-0.0018716242558500878,-0.0012567923681770373,-0.017223445128900314,-0.007418502250398845,-0.08252752251652211,0.03246387246441168,-0.030607934681566567,0.11069768718029217,0.004999606201585527,-0.0842359217847835,0.000655630745303827,0.06618572767909336,0.0009084504321918729,3.9625567502392e-05,-0.0020292253974851333,-0.0014170507402670952,0.06266988246281548,0.0010557020629333143,-0.013216580751228276,-0.0011199389256995069,0.08517256258068288,-0.0007523182939794236,-0.0007931817524218166,-0.05703013225360635,-0.07963676997992708,-0.013257095643387454,0.13351636910781048,-0.013487697524611663,0.009093805810937666,9.078617719280449e-05,0.023155339266560205,0.12906750280209328,-0.06321150725762874,-0.01507797560848004
자산,0.4522239580474874,1.0,0.9415282984965843,0.8190293667099975,0.8527102030189274,0.6021905228129156,0.7298641515101527,0.9300323859289811,0.7074340258076536,0.7011008730797754,0.3322239962188419,0.7376014807338723,0.9413200522247472,0.8076929414378304,0.573601649612548,0.8737855995957365,0.527001862432997,0.7951572764042104,0.7409454595894621,0.6376716163361776,0.5208119052530469,0.7820460656035111,0.7392517741191765,0.7830275900031992,0.7525416731808346,0.6565907267226545,0.6851224688099296,0.6269942716065137,0.6060626984651015,0.48089038200524514,-0.5828803831861341,0.1405174875675595,0.7381632817697252,0.00299364004771204,0.012159630709639536,0.011488875401222412,-0.0009005094935837643,-0.0009192404738801083,-0.00022666490803392793,0.01862881926311064,-0.0016661966709388392,-0.010454855343573365,0.04640239812165042,-0.06402009564899293,0.03081769813981155,0.018907498661837413,-0.0371183475839149,0.00024933783450353304,0.02376760498518303,0.0009784796638338323,0.0019322528444306371,0.00042099041480561606,-0.000946253569414112,0.05362983127001621,0.012800849545213721,-0.0005546917267654072,0.002972907045294404,-0.04544139938414564,-0.00040795554953096077,0.00015085248616371192,0.008760236977446002,-0.024807618190484562,-0.000131471605201804,0.09323465744517713,-0.005511904085574355,0.007900311723636646,0.004268015631523102,0.022844917386525238,0.09990975294793793,-0.009228216107470743,-0.005443658939168115
비유동자산,0.42341267544192807,0.9415282984965843,1.0,0.8750464195182758,0.6496435935556741,0.4098384881958051,0.5997863047505654,0.8994550481363958,0.7058468863008545,0.7233662378577862,0.3565704264630876,0.6756188665262185,0.8748206080751859,0.8069494959245631,0.5540138105915763,0.7655990979796482,0.4528310863056881,0.6973320836572791,0.6401207895029604,0.5893162435514268,0.5188985260358813,0.7149097115942408,0.6930531480292498,0.7417513958744609,0.7306266068201979,0.5944398585234436,0.5999317055640843,0.5720395967015296,0.5994688182679361,0.5286521012766436,-0.60074296960258,0.08925297676563013,0.682864050717249,0.001971038115160913,0.03254406492058702,0.03270008926027281,-0.0008792420339975183,-0.001389568016483573,0.0005802387411993934,-0.01072108374783325,-0.004469621856853155,-0.034875746875727275,0.049626348740050494,-0.07324785444260377,0.055469438483966925,-0.01457081789538619,-0.034216994906524294,0.0004900914304845531,0.017718371873190038,0.0010288409711952506,0.00016583455326494556,-0.001525246230147458,-0.0008463045527017654,0.034017838431989154,0.015215481556621906,-0.005335959478206444,-0.0012775673112673028,-0.061315993018093415,5.107185734157778e-05,0.000532874011910936,-0.0062871697367162605,-0.01491775542531883,-0.003438808563519267,0.08153741715459262,-0.0018925931098847319,0.0054875177469750624,0.0044999941569559025,0.022886100952992008,0.09190955146406159,-0.04673653591957658,-0.0023301848893967107
유형자산,0.39029777034929397,0.8190293667099975,0.8750464195182758,1.0,0.5696351547241485,0.3676866215442995,0.5520167014625715,0.7620333358141681,0.6836191374730235,0.6054044464011288,0.3049614081335257,0.5661725737566554,0.7843564134858548,0.7340728708460518,0.5185615347985684,0.6884658522891184,0.3902838023290518,0.6343630315714449,0.5910162048725452,0.5177572217768346,0.49949865178015557,0.6351932889559241,0.5487453728343908,0.6224357151287855,0.6451962547227589,0.5147472857920213,0.5220302394357463,0.49716516636207364,0.5528691897298839,0.5199085381039485,-0.5932669387391947,0.08097153196653324,0.6104346357494038,0.005197117646492226,0.033141168403184734,0.03230787236985266,-0.0018742951809788005,-0.00156131287898671,-0.0010421462549250562,-0.012974804116077519,-0.014234833883823574,-0.04364048415514823,0.03151725000537011,-0.052337617659699034,0.06464594833846805,-0.02937959727801983,-0.028686575890755524,0.0005186892188947483,0.015609680874685034,0.0010647353300409384,0.0005726352337564238,-0.0019057388864576466,-0.00035088990012091276,0.02914918260864456,0.0025598678688135775,-0.010007240055889854,-0.0025856576211351627,-0.06734830287513957,-0.0010645756591846852,-0.00031730474706363374,-0.049751965391881335,-0.024985396481174562,-0.0067564952717194355,0.080795300378118,0.0035237040059166707,0.005906453061897568,-0.0013356671227562344,0.014177238505963302,0.0834082007809606,-0.060424246366506465,0.0025508028486223664
유동자산,0.41797716658331735,0.8527102030189274,0.6496435935556741,0.5696351547241485,1.0,0.7884814100849,0.7932518097230699,0.7626603359029952,0.5703146778895775,0.5220380081633013,0.2232659296695525,0.6754877980149597,0.8352973774998891,0.6395469343378638,0.4755668767826193,0.8628891071386113,0.538970475162215,0.7889972211689039,0.7523936771251508,0.5971215046528786,0.4223984701226983,0.7188757376713957,0.6756309171406288,0.6963111339785579,0.6406844637854059,0.6133994834347365,0.670382092235995,0.5793240923238011,0.5049488867520439,0.31268951986670723,-0.4345947063599365,0.1847024567345509,0.6609887999850212,0.0039024247031283735,-0.022167806649837207,-0.02396145714489781,-0.0007191378879158058,6.50557072878147e-05,-0.0014820216284003641,0.06277814622313499,0.0009948982488558527,0.030468912259000665,0.02859764531170894,-0.029801188029358834,-0.015442197580217688,0.06841796099188864,-0.03346868476322706,-0.0002048134963572325,0.029091057862950343,0.0007042750101058512,0.004377395823721053,0.003497342232733743,-0.0008865579524026229,0.0714794447066952,0.006507661523317855,0.006597168327097792,0.008758065119136968,-0.0070889698481438465,-0.0010529213612513288,-0.00047572408688946433,0.027282757874776565,-0.037901430654349255,0.0050625909107929225,0.09239161384776129,-0.010069592548018876,0.010159377804785255,0.0027639774176985857,0.01753475162474422,0.09197289783829167,0.05337933520729548,-0.009224542227405047
재고자산,0.26785327924084124,0.6021905228129156,0.4098384881958051,0.3676866215442995,0.7884814100849,1.0,0.45744279670031024,0.49217790753466756,0.41366309959553604,0.3493036047960583,0.16603233107110754,0.4280406445558457,0.631322776493724,0.5058229845583575,0.439914836599862,0.6392507961357462,0.50628175910275,0.5167430772903884,0.5030511439194194,0.4278495186706155,0.2705207053474635,0.45863762690122206,0.43984879645712577,0.4999748425338077,0.5044466837420482,0.3611155799842697,0.4357160466683034,0.33282971249796883,0.36345364959420445,0.02630381397664375,-0.25624893696561823,0.2735622893727514,0.6093386853362124,-0.0008209107855962364,-0.10937529498031555,-0.11364537010202387,-0.0019243933702227955,-0.0015693832798415641,-0.0011263197944756669,0.08659188229783203,-0.00041484145470472775,0.11240390695046043,-0.01658561204740961,0.014887622304701028,-0.1264110489280694,0.09632640070667173,0.019745737694683702,0.0012705755411371235,-0.021794676353355576,0.000879332565107922,0.004314891104391757,0.00810672656975036,-0.0003284275788978647,0.032567767419964,-0.0005120286368351536,0.012137741217985935,0.0035385776001601,-0.04867333234631942,-0.0010685481113485457,-0.0010172167948978785,0.08282572070178038,0.025792771383247405,0.017033555409152502,0.00704384386821959,-0.005444591040237424,0.004665579183368557,0.0006995172772635183,7.848024958864846e-05,0.014624905897786021,0.14244682305859843,-0.003045542305478967
매출채권,0.4381804596696077,0.7298641515101527,0.5997863047505654,0.5520167014625715,0.7932518097230699,0.45744279670031024,1.0,0.6997593801060639,0.4950882404863956,0.473512506782413,0.20610244443563033,0.6414308921596851,0.684575266715727,0.48048697934312845,0.29378759937607435,0.757493083716978,0.4007611844564795,0.8275326488818844,0.8108597528679026,0.560457759334348,0.40686311837781214,0.6836408251052962,0.6173821594961258,0.6234649583589054,0.5337743684014297,0.5985517970933378,0.6341604931532252,0.5709228310202448,0.4314736575802905,0.4210970281551439,-0.35811345276136736,-0.040835532053709454,0.4393538519552801,0.01031038436255032,0.10811298557863516,0.10495861597131606,-0.00229670408438427,-0.0019041412077817098,-0.0012914016819551206,-0.017028671443302747,-0.0061590468516451655,-0.09112649286786907,0.03593894762657722,-0.03369173494843364,0.04935039380845604,0.07380302723569299,-0.10520141836583169,0.0007291969735007131,0.06375672872574856,0.0017148641565438985,0.004893626524138234,0.00020754774949111108,-0.0012085396133346134,0.08468635813620176,0.0044035005731916654,-0.0051610518801303955,0.010963453826647488,0.08034279878791929,-0.0013007817456142357,0.00035525649757797045,-0.040762780826014144,-0.11328576970042373,-0.010849932069400863,0.167110666607769,-0.011430821700635611,0.015646250573357633,0.0002816605561024039,0.030420611612350146,0.1576565415260832,-0.02223236768687966,-0.01272620463886829
자본,0.471205733503832,0.9300323859289811,0.8994550481363958,0.7620333358141681,0.7626603359029952,0.49217790753466756,0.6997593801060639,1.0,0.6736669541361205,0.7092141927647984,0.34529568062287663,0.8415338881435666,0.7759333296186505,0.6548350330552731,0.41982282409364957,0.7445760709973073,0.4132931563021565,0.7660283690638138,0.7064861315305427,0.6220844317510015,0.5065734296485184,0.7979844567549946,0.7252578203948126,0.6879219301617219,0.604764054803302,0.7277943858873973,0.7132170124300098,0.7063981020670129,0.5956977834896634,0.5543514129727726,-0.5239962626304632,0.005215241091677241,0.5538393129053563,0.006477060423911158,0.07078426682877176,0.07037986602773855,-0.0017507978735092035,-0.0014516265790719659,-0.0009843295752622087,-0.00984615748401835,0.006868559183633583,-0.06573496198862401,0.09544509926433498,-0.10537205340071011,0.10171833934503505,-0.0031002730968931504,-0.07317525772762068,0.0005155465831685692,0.07341755820670617,0.0011344837812424402,0.0006372669367797273,-0.0008312216139237309,-0.0009990699886829235,0.04365483513091445,0.012663395974897294,-0.003400906352420835,0.0031354096236743956,-0.02500134646897715,-0.0010597662479304398,-0.00015675709905901242,-0.020140981166253277,-0.05258125269065259,-0.00309496212580257,0.139116607843864,-0.006243604797910811,0.009587386368041153,0.0073171331642255585,0.03650039878629084,0.1428286701210127,-0.03266163151746726,-0.006566514508156748
자본금,0.3463178063168433,0.7074340258076536,0.7058468863008545,0.6836191374730235,0.5703146778895775,0.41366309959553604,0.4950882404863956,0.6736669541361205,1.0,0.489619211308318,0.192057612898807,0.4235160891365954,0.6739018439834947,0.6356786698134437,0.42467553888792203,0.6027466374837914,0.3060159503366383,0.5472395552816095,0.5154150434368137,0.43903504662447507,0.36358479939690547,0.539819456320016,0.5254989609849965,0.6050150596714482,0.5955244762300799,0.4231642375402914,0.4488567725599964,0.40249746690449356,0.7783338200445408,0.39391515278762484,-0.4628101540330193,0.07714451365675568,0.4962694240288603,0.0028206449002415733,-0.0028447299427158917,-0.0024608966607286274,-0.0013295657510376195,-0.0011011481483951917,-0.0007494684322247243,0.00804775078571196,-0.005962949614811052,-0.014396765460947663,-0.028107377580304096,0.02737416548327683,0.01880211666802082,-0.028333747171851813,0.011773422286858022,0.00039020150289782485,-0.013921537688524098,0.0010771493852405336,6.308444456277206e-05,-0.0010243747603449424,-0.001003522264626514,-0.00024345458270618353,0.0063621108225952565,-0.004077365650516302,-0.009410312817288687,-0.04086817975323254,-0.0007819105171026979,-0.00021251549754616763,-0.004517050613651602,-0.009172272321473749,-0.003341055215693005,0.03729507372398554,0.003108883713858857,0.00256888731151515,0.0026442947212861646,0.0065356575737738586,0.040730784713306656,-0.033497256980415106,0.002606447784299882
자본잉여금,0.3337564759160248,0.7011008730797754,0.7233662378577862,0.6054044464011288,0.5220380081633013,0.3493036047960583,0.473512506782413,0.7092141927647984,0.489619211308318,1.0,0.19113226887606555,0.39254416411815246,0.6312797513173878,0.581082357118944,0.3952648529264994,0.5629701772040778,0.31230856968001,0.5125550045356039,0.47135892179628036,0.44669336585515457,0.3575821369673503,0.5092460422432328,0.507313178129647,0.5771270082211273,0.5430664307354431,0.40686693929239814,0.42286971738307866,0.38662685087522963,0.4184807165888036,0.3829586839171143,-0.4108420101426267,0.050421145934822005,0.4795215177317485,-0.001984830919905464,0.02062131665100697,0.021221038480324892,-0.0008665552673131238,-0.0007186841975216819,-0.00048685552812643637,-0.0039394430904861645,-0.0009544524995591577,-0.017802505077159848,0.03144203651780296,-0.03803256267308817,0.01907740122108159,-0.011467773627995935,-0.0003661568596200451,0.00022423425712816427,-0.02038498641296215,0.0002418212700211795,0.00443698857383874,0.00026338255991367163,-0.00044730111554834725,0.008964061803488117,0.0045522295949911385,-0.0016943251298059741,-0.0028723319408952034,-0.043277701141547824,-0.0005673759253457587,-7.050961310650197e-05,0.0010874537814606388,-0.009333907330625774,-0.000505242745795745,0.028274631026832493,-0.0035014618007127556,0.006351467291043602,0.0016167551750292672,0.007701730151919528,0.048145779563715865,-0.03197413996463561,-0.0035154035442306105
기타포괄손익누계액,0.162759533706882,0.3322239962188419,0.3565704264630876,0.3049614081335257,0.2232659296695525,0.16603233107110754,0.20610244443563033,0.34529568062287663,0.192057612898807,0.19113226887606555,1.0,0.2725629840519374,0.2879552975389127,0.2413757391962652,0.14277719712183462,0.2847263482410942,0.24053538950238,0.25528534231076255,0.248454503069697,0.20463711405208246,0.16650933702073303,0.23074707805236536,0.2700088634158908,0.24956787724358134,0.2344647691130304,0.19328530196522453,0.20038113084346879,0.18277821741859068,0.21231918893449422,0.15968487709936938,-0.1501581900640728,0.004600262265474873,0.23602870544721374,0.0038389665614767384,0.03425224817785362,0.03418686666163757,-0.0009112769876749978,-0.000755522618351618,-0.0005123838583939419,-0.007652912555650814,-0.002929141599454266,-0.028271045392436987,0.002721560015542354,-0.06344605672178237,0.016399949968489706,0.02766130487802935,-0.039343518153144866,0.00024736280401213437,-0.0007069968620186378,0.0005002702004084178,-0.00011199365877228058,-0.0010205647573016882,0.001481212439052799,0.04173681295319774,0.022606130275898684,-0.004206413969170209,0.027214648680523795,-0.03354924124609125,-0.000568879118698948,-0.00039320095196813227,-0.014707079274177831,-0.022231913448707088,-0.003943108696532742,0.06780036834084015,-0.0019193761230622576,0.004273519654096058,0.0007172505088084484,0.012655699810354751,0.05565574135579156,-0.02036951062630407,-0.002425057553368657
이익잉여금,0.44383378618118186,0.7376014807338723,0.6756188665262185,0.5661725737566554,0.6754877980149597,0.4280406445558457,0.6414308921596851,0.8415338881435666,0.4235160891365954,0.39254416411815246,0.2725629840519374,1.0,0.579600834584217,0.44007243752585945,0.23984773258302802,0.6108006905334535,0.3448174880733498,0.7023182278925865,0.649972835573917,0.5663743408649352,0.4608306674253446,0.762691370839665,0.6596970583075411,0.5125613717684441,0.4031264743664798,0.7837271174099133,0.7331885490039672,0.76965894006228,0.4430722865795363,0.5141175422637162,-0.4129539772096329,-0.06700940974353801,0.37570543319442634,0.011761101885604768,0.10496021078215896,0.10369516310107013,-0.0018083724302137205,-0.0014997484344832774,-0.0010160623066044136,-0.016158297517586986,0.014640372770585153,-0.0924717134420432,0.1520041354542391,-0.13802791913970533,0.14843075237442357,0.010291885386208252,-0.12183873809500552,0.000557756128637011,0.14199454886808552,0.0010366192765700508,-0.0015163818838656881,-0.0011862497913395238,-0.0011113752682762607,0.053173130771630314,0.013503201944529992,-0.0023842422661937185,0.007229275310816208,0.007519789552838766,-0.001072273194257592,-0.00011272722174348427,-0.03659488172317512,-0.0776313976382813,-0.002076948902475276,0.19478233746547877,-0.009122410827178368,0.010984315853705424,0.007841724828941183,0.05270502082557116,0.1922467649089927,-0.020604356159382286,-0.00926205543044466
부채,0.3981541410492597,0.9413200522247472,0.8748206080751859,0.7843564134858548,0.8352973774998891,0.631322776493724,0.684575266715727,0.7759333296186505,0.6739018439834947,0.6312797513173878,0.2879552975389127,0.579600834584217,1.0,0.8840037146740783,0.6570505919568584,0.9009019120356498,0.5634416586295602,0.7380331504266309,0.6966723483831575,0.5846994521239136,0.47275553620925204,0.6913069368184374,0.6899060839227779,0.8028493845527397,0.8339688873916771,0.5346845404048253,0.5911182769852862,0.5027839652844098,0.5692725438291542,0.38185794845395243,-0.5749876184710597,0.2295485049523101,0.8245282326027087,-0.000408434134190351,-0.034930520696523464,-0.03573461769664921,-0.00011734736620100747,-0.00038146811904744664,0.0003943049055499809,0.03827395687973376,-0.009444379829899131,0.034013450761646476,-0.003313549279784922,-0.019261640728590965,-0.031025090240159522,0.03564454479576945,-0.004122798317808725,8.90729983482821e-06,-0.019246195076082013,0.000729607477005913,0.0026349707845433022,0.0013213608690456154,-0.0007868275635184675,0.05170482745243459,0.010532357861330593,0.001672253567544067,0.0019187938004944604,-0.05531876707782391,0.00015500787890240333,0.0003864037788435672,0.030353025743473608,-0.0004074155942425992,0.0012816564466120158,0.045254850960526276,-0.0042612318819230405,0.005492107110486355,0.001251082241778364,0.00902845449927598,0.05194424446957695,0.009367108496069098,-0.004020553422061946
비유동부채,0.30518418065486663,0.8076929414378304,0.8069494959245631,0.7340728708460518,0.6395469343378638,0.5058229845583575,0.48048697934312845,0.6548350330552731,0.6356786698134437,0.581082357118944,0.2413757391962652,0.44007243752585945,0.8840037146740783,1.0,0.8167160775660409,0.6187194268791625,0.2903176156592306,0.5276861147787145,0.4899075321059245,0.43178002946826216,0.3718954533859946,0.5460617264122339,0.5630624679277392,0.6867980083549087,0.7785616995310646,0.39889899093674236,0.43851449964702827,0.37503465727006813,0.5325882519115819,0.3069920901328377,-0.5338724089234905,0.2602549935075828,0.7886729983261583,-0.002381702914758083,-0.05753485352732029,-0.057219829730462884,5.543062313177643e-05,-0.0012590325285722996,0.0021545027006902276,0.092222103044564,-0.010140019172895837,0.04832908344338695,-0.013957320094432945,0.007929709776794018,-0.04104492784555344,0.00401473970609788,0.03150157703422042,0.0007637496444725852,-0.03053619066349254,0.001063440466458979,-1.213483431567008e-05,0.00014248115853051325,-0.000847306128592603,0.019671114560183122,0.005315673990700584,-0.0004291884599541851,-0.00490361754035738,-0.08643582712099966,0.001227582481565227,0.0014128258975172029,0.04584963225024278,0.029998913050281323,-0.0003553603935160938,-0.0068195499219736,0.00024257706999559356,-0.00041544753852976375,-0.0010111186980453594,-0.001433751864743737,0.006265912372044318,0.016845232910863026,0.00019051388333760443
장기차입금,0.156267444214491,0.573601649612548,0.5540138105915763,0.5185615347985684,0.4755668767826193,0.439914836599862,0.29378759937607435,0.41982282409364957,0.42467553888792203,0.3952648529264994,0.14277719712183462,0.23984773258302802,0.6570505919568584,0.8167160775660409,1.0,0.37631965100710046,0.1470062700919244,0.30965623206776605,0.2909643561028658,0.24292282930340287,0.20457869715734736,0.3317974358327059,0.3427757290799107,0.4669594474247818,0.5809550318694746,0.2066179293095748,0.24838180239274518,0.1887104477682107,0.37303943056002875,0.08579636602367732,-0.4387546576152022,0.383928612934535,0.8141722315052645,-0.007396004538030103,-0.12670049737606193,-0.12577885620284343,0.0009283536824454058,-0.0015069595093887343,0.0042262831815787,0.15505867917806979,-0.017870890991597527,0.10658025313406051,-0.03492216341653637,0.029591560425504863,-0.08494897622475368,-0.01849280894712017,0.08795960115702224,0.0010974769019611557,-0.05150556384778434,0.00161352690912184,-0.0002017196758124904,0.001156475779876599,-0.0008908655757467635,0.024125138740188644,0.0025979711691487242,0.0003939541489771123,-0.0033115220761187093,-0.11489563172477346,0.0026618068384707443,0.0025172517401744992,0.08355804372861354,0.06300438394219045,-0.0004449251035677125,-0.05752892220351467,0.0031096349452543,-0.0038670323940332403,-0.0017130085780977641,-0.01137424146873626,-0.04058940800757872,0.055387976433094455,0.0030006235668385123
유동부채,0.4215618768301646,0.8737855995957365,0.7655990979796482,0.6884658522891184,0.8628891071386113,0.6392507961357462,0.757493083716978,0.7445760709973073,0.6027466374837914,0.5629701772040778,0.2847263482410942,0.6108006905334535,0.9009019120356498,0.6187194268791625,0.37631965100710046,1.0,0.7116230799542966,0.8023765705522294,0.7647952409969717,0.62349221607015,0.484708110366738,0.7022388518511877,0.6931638297016599,0.7623548533255524,0.730912302773544,0.5708694822028199,0.6291968845751814,0.5374635160919362,0.5189076183828099,0.3935639788033077,-0.507396882899203,0.14819231067801789,0.6877670419827807,0.001516236693223298,-0.003996875583652252,-0.00563319236458689,-0.00025339260198821163,0.0005311829364343952,-0.0013506555209924667,-0.020665589145922356,-0.00621385679375492,0.011644751288938689,0.006637464393253777,-0.03176380360860339,-0.014383672862456709,0.057622244275558746,-0.03696330535077807,-0.0007110840103862238,-0.003964962313607814,0.00027326175514823736,0.004382731870172041,0.002051551848916254,-0.000560981459633801,0.07067678705918118,0.013418068669615653,0.0033612070264742427,0.007442342787380851,-0.013418083439254916,-0.0008887335194469787,-0.0006513409549879615,0.005803780074878594,-0.030849410127355176,0.0028915567607519037,0.08744317878743448,-0.007623642369481171,0.009867207453234937,0.0026867087967681457,0.017519035561052873,0.08603816857977525,9.356005083678333e-05,-0.007111737062618928
단기차입금,0.20976872021086224,0.527001862432997,0.4528310863056881,0.3902838023290518,0.538970475162215,0.50628175910275,0.4007611844564795,0.4132931563021565,0.3060159503366383,0.31230856968001,0.24053538950238,0.3448174880733498,0.5634416586295602,0.2903176156592306,0.1470062700919244,0.7116230799542966,1.0,0.44543896255438437,0.4300221036722743,0.3695697575810748,0.2567788402344698,0.3802592393711199,0.4199159724933382,0.49200951990876457,0.5112696752223028,0.2793700978890841,0.3363550598970465,0.25560107338785587,0.2651581453903284,0.046151735631473956,-0.3387016627415922,0.308140479472964,0.6543352129470469,-0.008332817528298612,-0.11235336372744577,-0.11157157451378912,0.0026659272348646115,0.004042181981324899,-0.0014839336440103765,-0.02359770098804112,-0.012276452599421584,0.11363858807680609,0.004222780481196886,-0.030561887973185323,-0.1107420250192988,0.043577098378397905,0.04751114407821971,-0.0032170625077526348,-0.04236482985611679,-0.0008514279569931313,0.002572103376874738,0.0005586722308707706,-0.0004283275779897664,0.055094193384739906,0.025006079853940048,0.008639533018492667,-0.0007367354699705866,-0.056803437902355834,-0.00027894558928251943,-0.0011737600490414396,0.03507198376941773,0.01300877804888747,0.007407152976133692,0.031192085177630818,-0.005178695192246074,0.0045436881020428175,-0.00011883731434977775,0.010925897906442637,0.04219829718397348,0.0835734548946133,-0.0040915397342709495
매출액,0.5129245371927801,0.7951572764042104,0.6973320836572791,0.6343630315714449,0.7889972211689039,0.5167430772903884,0.8275326488818844,0.7660283690638138,0.5472395552816095,0.5125550045356039,0.25528534231076255,0.7023182278925865,0.7380331504266309,0.5276861147787145,0.30965623206776605,0.8023765705522294,0.44543896255438437,1.0,0.9735261643432853,0.697438017250205,0.5225898674165111,0.7751914475728805,0.6984401813477621,0.6956290979976961,0.5824915087684159,0.6812711209455135,0.7106549269247305,0.6509799833496787,0.4685315714332272,0.516376159258696,-0.43454961930820585,-0.04620804377646526,0.48069133576101214,0.011369836379644335,0.11257950608034988,0.10917710967766163,-0.0023422988859084395,-0.0019599728868394555,-0.0012877114255883647,-0.018489016722429003,-0.006737008150349674,-0.09467986868240647,0.053612220733295746,-0.05033993760563525,0.08843059267396237,0.055467276263633146,-0.11336705472568144,0.0007544348667130772,0.0762500624880345,0.00147001615541111,0.0043381437697795604,0.0002555049718344071,-0.0010094222352318182,0.07532557528187263,0.00347483363821558,-0.005149248172925434,0.011844731880791973,0.22827247737235634,-0.0010090552298506082,-0.0017934303732322356,-0.042247627537211736,-0.09476417021183904,-0.007310125444544157,0.1762231385073759,-0.012511739751895793,0.015472089376864638,0.0031793320353060905,0.030869581317263122,0.15625817741487966,-0.04642754774633774,-0.013309363608416636
매출원가,0.47099167183896895,0.7409454595894621,0.6401207895029604,0.5910162048725452,0.7523936771251508,0.5030511439194194,0.8108597528679026,0.7064861315305427,0.5154150434368137,0.47135892179628036,0.248454503069697,0.649972835573917,0.6966723483831575,0.4899075321059245,0.2909643561028658,0.7647952409969717,0.4300221036722743,0.9735261643432853,1.0,0.5712420963859505,0.42978111743260355,0.7001727638460887,0.6666923434072525,0.6558159537126497,0.5468148793740414,0.6157310770754684,0.6487332932456894,0.5877834234232793,0.4376841818888911,0.46720479957649047,-0.3907171827378947,-0.04438074116326889,0.4573349108541488,0.010374776539710785,0.10930573730940739,0.10599854790185902,-0.002304828280451813,-0.0019110581367678089,-0.0012956836233645904,-0.01811758309712832,-0.008453965530276034,-0.09190474654940381,0.036627699467724956,-0.03412092561165552,0.07339703175208621,0.06261813551801593,-0.10941508496221271,0.0007225672204973252,0.06451651764608754,0.0012123476507492753,0.004633104227252348,-0.00012695333814054878,-0.001101529388011629,0.06990393220629097,0.0018119703925447777,-0.005745424449069896,0.008721508871929627,0.25134507019053626,-0.0010074803580708436,-0.0016350115461761284,-0.04309110193867256,-0.09903491417521827,-0.009263190836569344,0.1655602694507632,-0.012562993769917387,0.015464012392869859,0.002575890007694151,0.028461164641686083,0.15136573665837502,-0.04450475832726867,-0.013625137852594223
판매비와관리비,0.5029773241945157,0.6376716163361776,0.5893162435514268,0.5177572217768346,0.5971215046528786,0.4278495186706155,0.560457759334348,0.6220844317510015,0.43903504662447507,0.44669336585515457,0.20463711405208246,0.5663743408649352,0.5846994521239136,0.43178002946826216,0.24292282930340287,0.62349221607015,0.3695697575810748,0.697438017250205,0.5712420963859505,1.0,0.706529185761847,0.6061268071260606,0.5379844503686253,0.5492847028024423,0.4677287384930154,0.5243197965220451,0.5863266168868104,0.4911969635033444,0.3956569511693504,0.40731075903181274,-0.3793065728579134,0.0006427772984732319,0.391200001859492,0.008224345806981975,0.07979702567612046,0.07664515540717344,-0.0019139302640905078,-0.001718826254606098,-0.0008613314009759262,-0.011398579825794466,-0.0056161571986952,-0.06408307935126686,0.06994061986523156,-0.06950412912500846,0.07356139158786743,0.02390345948191506,-0.07236870630266119,0.0006806788525804815,0.032204521756236136,0.0014465455608465294,-5.6213556342775524e-05,-0.0011994869702520435,-0.0009316049233001317,0.05164382867127171,0.0005355749143195609,-0.006257145228129704,0.003318932946736947,0.09405656432958724,-0.0006539506572985571,-0.0008507821708706439,-0.029507377116374044,-0.05048835183369496,-0.006250569836022415,0.13288040208866142,-0.011223372022782523,0.0077039917093125266,0.0017126205078160962,0.028520105609246928,0.11312117031567445,-0.04462876020956788,-0.01189719136077547
감가상각비,0.37282138837685735,0.5208119052530469,0.5188985260358813,0.49949865178015557,0.4223984701226983,0.2705207053474635,0.40686311837781214,0.5065734296485184,0.36358479939690547,0.3575821369673503,0.16650933702073303,0.4608306674253446,0.47275553620925204,0.3718954533859946,0.20457869715734736,0.484708110366738,0.2567788402344698,0.5225898674165111,0.42978111743260355,0.706529185761847,1.0,0.46312735305482405,0.38499787946828673,0.39612867702501564,0.35617712291949477,0.4044491157065354,0.4421111970128815,0.381690603428743,0.3376763635615553,0.35624541631015616,-0.3281264582873599,-0.006729606638229955,0.2990775975232649,0.007340011601000623,0.07390260043327983,0.07153980631162676,-0.00165206042098363,-0.0013722324352932716,-0.0009248269666779671,-0.013031956674936345,-0.00364144473409517,-0.06130184598861903,0.05869033217962216,-0.05676154516722871,0.07383199596789405,0.008809452849823854,-0.06536079391450998,0.0005253216621739438,0.022502323302348252,0.0010754581663963393,-0.000618622241251778,-0.001820120718571984,0.00018305174150122256,0.02685617741842545,0.0028254813707682003,-0.008255000182415503,-0.00026073921500719256,0.014294051748830427,-0.0008287248542053461,-0.0002821644503509996,-0.04108128095916522,-0.03470411552456504,-0.003147567593001422,0.10020466730607942,-0.0033465305922154775,0.005814884031275889,-0.0006089605750162818,0.01927685443634728,0.09499455523280798,-0.05772280833458509,-0.0037218534081326143
영업이익,0.4351940636197695,0.7820460656035111,0.7149097115942408,0.6351932889559241,0.7188757376713957,0.45863762690122206,0.6836408251052962,0.7979844567549946,0.539819456320016,0.5092460422432328,0.23074707805236536,0.762691370839665,0.6913069368184374,0.5460617264122339,0.3317974358327059,0.7022388518511877,0.3802592393711199,0.7751914475728805,0.7001727638460887,0.6061268071260606,0.46312735305482405,1.0,0.6400018641371914,0.6557162292407359,0.5835377241164238,0.8879046655235497,0.854714860755424,0.863037809851304,0.46187949690645114,0.6217047617812921,-0.46045731125949885,-0.1031882685606954,0.4666068017548843,0.014606163272681957,0.12084465687739124,0.1184544672669986,-0.0017827102223117721,-0.0014582086877133445,-0.0010346396281813988,-0.021249040698994463,0.015959757373448447,-0.10721001754841325,0.12341929846720731,-0.1134945475416816,0.19178966744436413,0.002006279531202078,-0.13747117472776468,0.0006530189041891389,0.2106994225735127,0.0026385108980589264,0.006933748351543147,0.007234809780183276,0.0007163897111498717,0.11202709975271796,0.022313182861121193,0.008016534033116585,0.05010177723692188,0.04411637145334815,-0.0009452517110325477,-0.0003034052424474353,-0.023634784835809584,-0.07220803065174734,0.016091873335409363,0.20148703879252633,-0.004552491613932083,0.01848521165755861,0.009013486482898769,0.03571461545765368,0.16121179117562595,-0.031609240083599076,-0.0022953057098956645
영업외수익,0.3946382191457504,0.7392517741191765,0.6930531480292498,0.5487453728343908,0.6756309171406288,0.43984879645712577,0.6173821594961258,0.7252578203948126,0.5254989609849965,0.507313178129647,0.2700088634158908,0.6596970583075411,0.6899060839227779,0.5630624679277392,0.3427757290799107,0.6931638297016599,0.4199159724933382,0.6984401813477621,0.6666923434072525,0.5379844503686253,0.38499787946828673,0.6400018641371914,1.0,0.7599829778917058,0.6010968262136012,0.6684272201714594,0.6616411436575401,0.6448287771701384,0.4537995294440712,0.438815518622021,-0.4125191040720046,0.008195850867916956,0.5003636719707306,0.005867300795972407,0.04969964536596234,0.0573837607544363,-0.0011932636104888933,-0.0010164858499080913,-0.0006267231484183701,-0.009152479184014852,-0.0034728329329851942,-0.03847213716944566,0.06356617766649486,-0.06307522947029402,0.05569625438678818,0.03580514692846042,-0.06948463105295201,0.00048670521433388304,0.07599942487684236,0.0010649164258503113,0.0002649903140205947,-0.000785541957706265,0.00027032594606069015,0.06272049904254615,0.006453548454273615,-0.004063551654711882,0.017549480106944987,0.0051462381356080795,-0.0006928694336287305,-0.00032394053692799625,-0.019557065075137454,-0.04379734308762855,-0.007458095667950811,0.09360914838945844,-0.006431472792792683,0.006223545231108214,0.0041007009527537245,0.018175502121157792,0.08824015459993605,-0.009110477064489288,-0.0073441739970817686
영업외비용,0.36870484052143515,0.7830275900031992,0.7417513958744609,0.6224357151287855,0.6963111339785579,0.4999748425338077,0.6234649583589054,0.6879219301617219,0.6050150596714482,0.5771270082211273,0.24956787724358134,0.5125613717684441,0.8028493845527397,0.6867980083549087,0.4669594474247818,0.7623548533255524,0.49200951990876457,0.6956290979976961,0.6558159537126497,0.5492847028024423,0.39612867702501564,0.6557162292407359,0.7599829778917058,1.0,0.8165491920988514,0.4281295970813624,0.5291945216027852,0.38896652716478874,0.4936108264085675,0.4050897640225716,-0.45075207732850975,0.06873987922870269,0.6373753078682752,0.0038943573924036675,0.026991339428806542,0.024598470432051853,-0.001332463814173667,-0.0010929122423039906,-0.0007684199779706532,-0.00259924291869663,-0.01199260443012268,-0.008146385465519853,-0.0054964652980689765,-0.0046908048725853805,0.01474223669232279,0.038218247030907586,-0.045804319487620114,0.0005405827541041424,-0.0794277280249949,0.0023551992238523838,0.0008547285029428632,-0.00031040761973098486,-0.0017522188177987047,0.024003588901207188,0.004785645826385156,-0.0022130936302470856,-0.0014583020741476861,-0.0011612825524526468,-0.0007193917207184694,-0.0006045755703448838,-0.003166681188505761,-0.030311876075146675,-0.006213570670266104,0.07386029412662491,-0.007246516795180302,0.00526740446435754,0.0030144454530552736,0.012585511874755788,0.06814775960963053,-0.07171403989766134,-0.007977432951340065
이자비용,0.29697428586483643,0.7525416731808346,0.7306266068201979,0.6451962547227589,0.6406844637854059,0.5044466837420482,0.5337743684014297,0.604764054803302,0.5955244762300799,0.5430664307354431,0.2344647691130304,0.4031264743664798,0.8339688873916771,0.7785616995310646,0.5809550318694746,0.730912302773544,0.5112696752223028,0.5824915087684159,0.5468148793740414,0.4677287384930154,0.35617712291949477,0.5835377241164238,0.6010968262136012,0.8165491920988514,1.0,0.3817678360392074,0.4482293688537994,0.3503798310283449,0.46637777019757204,0.31878350460153265,-0.4221875907365713,0.1270149820824072,0.7328101316578375,0.0007054658394415906,-0.011550586043999082,-0.014130134420533035,-0.0012297790942046765,-0.000903890915447155,-0.0008796889425524189,0.0056073395473656504,-0.024640841994846684,0.04154113870972249,-0.03061317182783982,0.01751498463480999,-0.022096853118514028,0.05593059187900338,-0.03303921354554307,0.0006891641702638892,-0.043801053840915136,0.001818423531286622,0.0008597092216155109,-0.0008269061245502335,-0.0005794063835562628,0.008241327560806382,0.008837472362274503,0.0019809211851661134,0.0030679459233689007,-0.04436718385895878,-0.0008009946786081263,-0.0006132038977264656,0.02405960751939435,-0.0031259166259294223,0.0025126670842573777,0.04077502983520278,-0.0037420373194183166,0.0034215788925581556,0.002830908347996938,0.007389240174911001,0.03432446019103189,-0.01791399005571734,-0.0033422426357659347
법인세비용차감전손익,0.40299851742735615,0.6565907267226545,0.5944398585234436,0.5147472857920213,0.6133994834347365,0.3611155799842697,0.5985517970933378,0.7277943858873973,0.4231642375402914,0.40686693929239814,0.19328530196522453,0.7837271174099133,0.5346845404048253,0.39889899093674236,0.2066179293095748,0.5708694822028199,0.2793700978890841,0.6812711209455135,0.6157310770754684,0.5243197965220451,0.4044491157065354,0.8879046655235497,0.6684272201714594,0.4281295970813624,0.3817678360392074,1.0,0.8774913178768322,0.989677188981916,0.3787436802569935,0.5811697237524099,-0.3891806739336067,-0.1434022829094716,0.3166258642126705,0.015082852309152885,0.12430758365135265,0.12765850583426605,-0.0015152765380721193,-0.0012590194204470304,-0.0008475891640361034,-0.02355219226960725,0.020455165837387962,-0.11676940437675676,0.15311173838348002,-0.13759124214163215,0.2033832114417624,-0.0030021937535723436,-0.14008723407960763,0.000551866612499847,0.2906467640666815,0.001650675535595267,0.005876216151545175,0.0064355066656198185,0.0019482550176025317,0.12421348385781306,0.021658310432451176,0.006774253805733846,0.059283810994273475,0.04506067203197094,-0.0008265749786763945,-0.00017511137061468555,-0.0306622886593698,-0.0734529458626329,0.015179420493790879,0.19525124684476275,-0.0030360661710269127,0.017287046708518137,0.008187752922180278,0.03573562073670645,0.1575498212035775,0.00884881665624497,-0.0009265172164285656
법인세비용,0.41018944886019787,0.6851224688099296,0.5999317055640843,0.5220302394357463,0.670382092235995,0.4357160466683034,0.6341604931532252,0.7132170124300098,0.4488567725599964,0.42286971738307866,0.20038113084346879,0.7331885490039672,0.5911182769852862,0.43851449964702827,0.24838180239274518,0.6291968845751814,0.3363550598970465,0.7106549269247305,0.6487332932456894,0.5863266168868104,0.4421111970128815,0.854714860755424,0.6616411436575401,0.5291945216027852,0.4482293688537994,0.8774913178768322,1.0,0.8182990224798538,0.3798039381970173,0.5171475514338422,-0.396112713896808,-0.07563260753337232,0.3792082017048543,0.008746662445940872,0.08229212576691843,0.08214645978250538,-0.0017666566780501975,-0.0014643397879614932,-0.0009939527630736925,-0.013101123182613134,0.010743298352160799,-0.06864580217758214,0.10743757545579218,-0.09999497042339753,0.15435735008907192,0.007108215574481744,-0.11200790167443275,0.0006610802424868587,0.1511976399521513,0.0013428168616405195,0.0043447210593347925,0.004954977668408413,0.00047683170313122185,0.09556136570474363,0.016101077676692905,0.007031317085956424,0.04531160566439641,0.036127120944482935,-0.000929262616633255,-0.00016429910798714962,-0.01851865975181241,-0.0585073933521424,0.010916044239350622,0.16054963822181217,-0.005414077730323595,0.013613127935012476,0.0010392750693424349,0.026586008048623547,0.12558430677350885,-0.021837526696702997,-0.003846572994913182
당기순이익,0.38770416406812636,0.6269942716065137,0.5720395967015296,0.49716516636207364,0.5793240923238011,0.33282971249796883,0.5709228310202448,0.7063981020670129,0.40249746690449356,0.38662685087522963,0.18277821741859068,0.76965894006228,0.5027839652844098,0.37503465727006813,0.1887104477682107,0.5374635160919362,0.25560107338785587,0.6509799833496787,0.5877834234232793,0.4911969635033444,0.381690603428743,0.863037809851304,0.6448287771701384,0.38896652716478874,0.3503798310283449,0.989677188981916,0.8182990224798538,1.0,0.3643081700737826,0.578850914411327,-0.3740750437466209,-0.15816560382983172,0.2906670135361495,0.016162099392463027,0.13068306404105867,0.13484968194168195,-0.0014005883108143635,-0.0011646147181672004,-0.000781995136468531,-0.025408685950761994,0.022729748349889375,-0.12493856269525735,0.159163637594327,-0.14217011062880475,0.20894566329371764,-0.005384157739184816,-0.14259002885964428,0.0005004641239666776,0.31601161948516104,0.0016866022747659972,0.006302776252863383,0.006585286544779693,0.002244042147271,0.1268680796399112,0.023048431147478378,0.006480619907646851,0.06019892836856192,0.04576557521107057,-0.0007726497047500902,-0.00015471681285213724,-0.03243767790393411,-0.07473196706741067,0.015260538237778329,0.1977367490820013,-0.0022580173728094575,0.017869392614123274,0.009713721195930655,0.036946187146391425,0.16014853757256803,0.01625481048869124,-0.00014959826609797804
기초자본금,0.29969340136360934,0.6060626984651015,0.5994688182679361,0.5528691897298839,0.5049488867520439,0.36345364959420445,0.4314736575802905,0.5956977834896634,0.7783338200445408,0.4184807165888036,0.21231918893449422,0.4430722865795363,0.5692725438291542,0.5325882519115819,0.37303943056002875,0.5189076183828099,0.2651581453903284,0.4685315714332272,0.4376841818888911,0.3956569511693504,0.3376763635615553,0.46187949690645114,0.4537995294440712,0.4936108264085675,0.46637777019757204,0.3787436802569935,0.3798039381970173,0.3643081700737826,1.0,0.3317048243680328,-0.3680787849032926,0.047753953926891225,0.42875713396421533,0.0034668413575276095,0.012518642181475468,0.012499136386720728,-0.001156329636679356,-0.0009569156095081518,-0.0006530366623856313,0.004006144791270507,0.005447533105098619,-0.017240283560374207,-0.021856956014736275,0.02151919436689613,0.02131261369827191,0.0062419340763708395,-0.023980752708983366,0.0003415495482445709,-0.0064207474900318025,0.0006514883861505936,-0.00022286090998061258,-0.0007858860354871496,-0.000571084289294693,-0.010979867576348962,0.00915838558146059,-0.0013894417764975422,-0.012141784462039737,-0.033887819938361645,-0.000662918333594975,-0.00011519058027998991,0.0007654290519753299,-0.0031136836100327785,0.0005053757133659663,0.04788550872461269,0.006793112476944446,0.002955652971950807,-0.00038586505543749037,0.008772354831007502,0.05449947625639754,-0.025863222541829652,0.006755659064516979
영업활동으로 인한 현금흐름,0.3500008604422866,0.48089038200524514,0.5286521012766436,0.5199085381039485,0.31268951986670723,0.02630381397664375,0.4210970281551439,0.5543514129727726,0.39391515278762484,0.3829586839171143,0.15968487709936938,0.5141175422637162,0.38185794845395243,0.3069920901328377,0.08579636602367732,0.3935639788033077,0.046151735631473956,0.516376159258696,0.46720479957649047,0.40731075903181274,0.35624541631015616,0.6217047617812921,0.438815518622021,0.4050897640225716,0.31878350460153265,0.5811697237524099,0.5171475514338422,0.578850914411327,0.3317048243680328,1.0,-0.4067757339797247,-0.47606955040228377,0.10051998659033998,0.01828534800988668,0.2525313080111425,0.25430708020120824,-0.002155419893045058,-0.0023117662425335703,-0.00035731545191057567,-0.09636388825513746,0.010413488470941628,-0.24084025232304387,0.10048739741260254,-0.09205038851265343,0.4696414323436413,-0.08842192034750448,-0.25950120697038037,-0.0006027704741947976,0.14133092995660204,-0.00018581273215681924,0.004297841868727688,0.00038560483182921727,0.0008934059527126576,0.01874871986126007,-0.0007290712215789736,-0.0026580351889268516,0.02498185522695088,0.07429234578239331,-8.504334503331886e-05,-5.3041231638551896e-05,-0.10955328466698781,-0.09924584213604809,-0.0035275806577038547,0.18661805946534601,-0.0006479208560311348,0.015818243993081058,0.0026177966039054915,0.033095429819321946,0.1478626243705135,-0.39453877122003655,-0.0011170579215106643
투자활동으로 인한 현금흐름,-0.28516668887739544,-0.5828803831861341,-0.60074296960258,-0.5932669387391947,-0.4345947063599365,-0.25624893696561823,-0.35811345276136736,-0.5239962626304632,-0.4628101540330193,-0.4108420101426267,-0.1501581900640728,-0.4129539772096329,-0.5749876184710597,-0.5338724089234905,-0.4387546576152022,-0.507396882899203,-0.3387016627415922,-0.43454961930820585,-0.3907171827378947,-0.3793065728579134,-0.3281264582873599,-0.46045731125949885,-0.4125191040720046,-0.45075207732850975,-0.4221875907365713,-0.3891806739336067,-0.396112713896808,-0.3740750437466209,-0.3680787849032926,-0.4067757339797247,1.0,-0.47753959339504953,-0.5152592569305967,0.00853784851247026,0.10141809351696975,0.09400840485928474,-0.005483940570566556,-0.002312287535781898,-0.006718805796579488,-0.02195009347760818,0.02564441957107769,-0.053679441272064504,-0.02467204651434019,0.04253247001702941,-0.08047730419400942,0.3671336074310862,-0.23353734274016172,0.003932371590466402,-0.004594348681950281,0.00019866759706095,0.0010770792393757413,0.0008513071988544809,0.0012295677307098281,-0.1238343465028813,-0.0067601471360540025,0.004743518882708323,0.001206624447277908,0.08590425014187344,-0.0045403183807689925,-0.0040677221722325765,0.0016312158361511612,-0.02210912732042004,0.008193210034300222,0.04194105376190363,0.00994244496804595,0.0038337810180134897,0.0028303981640159454,0.009764274040911456,0.0076598063503937235,0.08068429674668254,0.010900200587430232
재무활동으로 인한 현금흐름,-0.04563789938293482,0.1405174875675595,0.08925297676563013,0.08097153196653324,0.1847024567345509,0.2735622893727514,-0.040835532053709454,0.005215241091677241,0.07714451365675568,0.050421145934822005,0.004600262265474873,-0.06700940974353801,0.2295485049523101,0.2602549935075828,0.383928612934535,0.14819231067801789,0.308140479472964,-0.04620804377646526,-0.04438074116326889,0.0006427772984732319,-0.006729606638229955,-0.1031882685606954,0.008195850867916956,0.06873987922870269,0.1270149820824072,-0.1434022829094716,-0.07563260753337232,-0.15816560382983172,0.047753953926891225,-0.47606955040228377,-0.47753959339504953,1.0,0.44460667625779393,-0.02282406389549228,-0.32633722387273617,-0.3218866838550391,0.006105608749231625,0.0036640314637380465,0.005706415897256147,0.13793550406576915,-0.03361550793790931,0.2770795047722661,-0.07094866466509059,0.048219341566636195,-0.3132857335354997,-0.20537747720526534,0.44795415341636113,-0.0025893689125284147,-0.11430678629716594,0.00015817816316401502,-0.004020120361000053,-0.00013178834710796634,-0.0015591227275170527,0.1092001842333112,0.011989526096118733,-0.0028813962760985998,-0.019367496056740405,-0.14191426847279343,0.003727402275071943,0.003409925755593539,0.10990627028073575,0.11050223550056877,-0.006429118442249645,-0.2018339020874139,-0.009482157147192628,-0.01677090008984218,-0.004811279944201106,-0.04016337524056227,-0.14207765191320434,0.26161779953666525,-0.010207415688260226
차입금,0.23418405086756328,0.7381632817697252,0.682864050717249,0.6104346357494038,0.6609887999850212,0.6093386853362124,0.4393538519552801,0.5538393129053563,0.4962694240288603,0.4795215177317485,0.23602870544721374,0.37570543319442634,0.8245282326027087,0.7886729983261583,0.8141722315052645,0.6877670419827807,0.6543352129470469,0.48069133576101214,0.4573349108541488,0.391200001859492,0.2990775975232649,0.4666068017548843,0.5003636719707306,0.6373753078682752,0.7328101316578375,0.3166258642126705,0.3792082017048543,0.2906670135361495,0.42875713396421533,0.10051998659033998,-0.5152592569305967,0.44460667625779393,1.0,-0.008896152492806675,-0.14684683710421584,-0.1459367205470799,0.0018807576591290413,0.0008578569454272233,0.0021962780337823977,0.10253558308080823,-0.019051948352644763,0.13377892729115504,-0.022791534522031087,-0.003907796434844103,-0.11410732015645243,0.011053531839917452,0.08294482380373275,-0.0007622887183009716,-0.05751969809783879,0.0007793989797075752,0.0012393864439265885,0.001054456167929874,-0.0009149239264508276,0.044923011308699905,0.013810126857382834,0.004079509959827496,-0.0032082338729011615,-0.11205368697851967,0.001683454257341653,0.0011719620265435585,0.0790415643526571,0.05150507494788596,0.003620955647349472,-0.024385527707123655,-0.0007596494301770801,-0.00034453958385715304,-0.0013066120522643486,-0.002650760769198198,-0.0073344235931939485,0.0787002282631008,-0.0002558734433221823
매출총이익률,0.009040820494444097,0.00299364004771204,0.001971038115160913,0.005197117646492226,0.0039024247031283735,-0.0008209107855962364,0.01031038436255032,0.006477060423911158,0.0028206449002415733,-0.001984830919905464,0.0038389665614767384,0.011761101885604768,-0.000408434134190351,-0.002381702914758083,-0.007396004538030103,0.001516236693223298,-0.008332817528298612,0.011369836379644335,0.010374776539710785,0.008224345806981975,0.007340011601000623,0.014606163272681957,0.005867300795972407,0.0038943573924036675,0.0007054658394415906,0.015082852309152885,0.008746662445940872,0.016162099392463027,0.0034668413575276095,0.01828534800988668,0.00853784851247026,-0.02282406389549228,-0.008896152492806675,1.0,0.10099983298055133,0.10175885210014385,0.00015253874465036253,0.0001294750059203655,8.087501265845934e-05,-0.007437131715267475,0.0073892041684087174,-0.10243256079139854,0.0065817524812422125,-0.0057462104962850875,0.027783524929943692,0.010536891624060645,-0.030517289122582284,-8.833160032943832e-05,0.022232203873966745,0.0001176548453701852,0.000570392252822738,0.0005142601140970133,0.00020358730900563095,0.009239209309523173,0.0014867200649137371,0.0009532832035429152,0.0035953511151393916,0.019884477045969448,0.00011156004882792287,4.025621339203077e-05,0.0040067520206772895,0.007517234351143414,0.0019494022709699308,0.02612310304126524,0.0010975995096364705,0.002214520092494053,0.0003660478849035702,0.005606890317168183,0.022932490506480212,-0.0208246733426164,0.001345277582473572
영업이익률,0.09812335363766646,0.012159630709639536,0.03254406492058702,0.033141168403184734,-0.022167806649837207,-0.10937529498031555,0.10811298557863516,0.07078426682877176,-0.0028447299427158917,0.02062131665100697,0.03425224817785362,0.10496021078215896,-0.034930520696523464,-0.05753485352732029,-0.12670049737606193,-0.003996875583652252,-0.11235336372744577,0.11257950608034988,0.10930573730940739,0.07979702567612046,0.07390260043327983,0.12084465687739124,0.04969964536596234,0.026991339428806542,-0.011550586043999082,0.12430758365135265,0.08229212576691843,0.13068306404105867,0.012518642181475468,0.2525313080111425,0.10141809351696975,-0.32633722387273617,-0.14684683710421584,0.10099983298055133,1.0,0.9628012148008106,-0.012303785999966173,-0.015136412266614442,0.001112923353602179,-0.1206065126419173,0.12680570797118002,-0.8353828216241656,0.07731843173087033,-0.06996854609031392,0.2863622918578658,0.09979248653162208,-0.30961049093530224,0.006676193254278567,0.14417302305110413,0.005898530333575968,0.00564753769415293,0.005091360408341709,0.002015660015215656,0.091477144054797,0.01471766983361202,0.009437235343617754,0.035595627099671484,0.19689011938464282,0.0011039411084193132,0.0003982262422089067,0.03966905377965655,0.07441458771529809,0.019298068345537826,0.25864314116342313,0.010864050452027482,0.021926067511752464,0.0036237893363422484,0.055512724123867645,0.22705402483665849,-0.24777450924963199,0.013315953023746155
순이익률,0.09538440553506318,0.011488875401222412,0.03270008926027281,0.03230787236985266,-0.02396145714489781,-0.11364537010202387,0.10495861597131606,0.07037986602773855,-0.0024608966607286274,0.021221038480324892,0.03418686666163757,0.10369516310107013,-0.03573461769664921,-0.057219829730462884,-0.12577885620284343,-0.00563319236458689,-0.11157157451378912,0.10917710967766163,0.10599854790185902,0.07664515540717344,0.07153980631162676,0.1184544672669986,0.0573837607544363,0.024598470432051853,-0.014130134420533035,0.12765850583426605,0.08214645978250538,0.13484968194168195,0.012499136386720728,0.25430708020120824,0.09400840485928474,-0.3218866838550391,-0.1459367205470799,0.10175885210014385,0.9628012148008106,1.0,-0.006101421752087394,-0.007883193002358506,0.0011658109584133168,-0.117982509057639,0.11864577418776172,-0.818769527672781,0.08105495003625833,-0.07384387165220196,0.2869918086462532,0.09372938117468348,-0.3051930821838425,0.006884238510321979,0.1520926617774566,0.006081835216168806,0.005476856428196864,0.004937488550580481,0.0019547447195635325,0.0887125302584196,0.014272880744271743,0.009152023202039922,0.03451988677813954,0.1909396701135456,0.001070576701311499,0.0003861910947558309,0.03846509497918018,0.07215967484481775,0.018714838468461725,0.2508263872938699,0.010535713654834598,0.021263413877325697,0.003514271636121179,0.053835010803546295,0.22019196273350677,-0.24590370951182655,0.012913513479018347
부채비율,-0.0022509121043763737,-0.0009005094935837643,-0.0008792420339975183,-0.0018742951809788005,-0.0007191378879158058,-0.0019243933702227955,-0.00229670408438427,-0.0017507978735092035,-0.0013295657510376195,-0.0008665552673131238,-0.0009112769876749978,-0.0018083724302137205,-0.00011734736620100747,5.543062313177643e-05,0.0009283536824454058,-0.00025339260198821163,0.0026659272348646115,-0.0023422988859084395,-0.002304828280451813,-0.0019139302640905078,-0.00165206042098363,-0.0017827102223117721,-0.0011932636104888933,-0.001332463814173667,-0.0012297790942046765,-0.0015152765380721193,-0.0017666566780501975,-0.0014005883108143635,-0.001156329636679356,-0.002155419893045058,-0.005483940570566556,0.006105608749231625,0.0018807576591290413,0.00015253874465036253,-0.012303785999966173,-0.006101421752087394,1.0,0.8522024329529084,0.5246673808395632,-0.00020438414662476398,-0.004864470947636735,-0.00014490577633902583,-0.0008572526941436206,0.000873557153484904,-0.004663021526023593,-0.005166543679834335,0.007621824206138063,-0.5678772086130545,-0.0011504067413233134,-0.3951908870343066,-0.00011774004845305637,-0.00010599793720881283,-4.23497020330692e-05,-0.001922778525837397,-0.00030911004177151477,-0.00019462631763276123,-0.0007482500851764939,-0.004090553156081239,0.4891231507240115,0.35530925242874134,0.013617449227102642,0.006597475041836094,-0.0004018785127566525,-0.005444707938346816,-0.00022498072500797155,-0.000460436216161104,-7.63316371865177e-05,-0.0011682981343852604,-0.004779687211982608,0.0046042770359964276,-0.0002760609096672254
유동부채비율,-0.0018716242558500878,-0.0009192404738801083,-0.001389568016483573,-0.00156131287898671,6.50557072878147e-05,-0.0015693832798415641,-0.0019041412077817098,-0.0014516265790719659,-0.0011011481483951917,-0.0007186841975216819,-0.000755522618351618,-0.0014997484344832774,-0.00038146811904744664,-0.0012590325285722996,-0.0015069595093887343,0.0005311829364343952,0.004042181981324899,-0.0019599728868394555,-0.0019110581367678089,-0.001718826254606098,-0.0013722324352932716,-0.0014582086877133445,-0.0010164858499080913,-0.0010929122423039906,-0.000903890915447155,-0.0012590194204470304,-0.0014643397879614932,-0.0011646147181672004,-0.0009569156095081518,-0.0023117662425335703,-0.002312287535781898,0.0036640314637380465,0.0008578569454272233,0.0001294750059203655,-0.015136412266614442,-0.007883193002358506,0.8522024329529084,1.0,0.0017084430160478061,-0.0002407597012224378,-0.005531448845346209,0.0005078440932198431,-0.0007123482354605353,0.0007248068529179365,-0.005076664152547574,-0.0026991401102227333,0.005871823650896149,-0.6576764725963945,-0.0009658444983560483,-0.46413859543129016,-9.763983922309989e-05,-8.800662873641123e-05,-3.510758629648095e-05,-0.0015940781485281176,-0.00025629170540880875,-0.0001616335523548447,-0.0006204901713319321,-0.0034284072760666557,0.05417919158686238,0.001016686182661701,0.003050720611731445,0.0008304696119379847,-0.00033408226048446216,-0.004513872919206798,-0.00018760285954226366,-0.00038174659893288183,-6.328599480123869e-05,-0.0009686490208433286,-0.003962717758783865,0.005484926351538175,-0.00023005663431107897
비유동부채비율,-0.0012567923681770373,-0.00022666490803392793,0.0005802387411993934,-0.0010421462549250562,-0.0014820216284003641,-0.0011263197944756669,-0.0012914016819551206,-0.0009843295752622087,-0.0007494684322247243,-0.00048685552812643637,-0.0005123838583939419,-0.0010160623066044136,0.0003943049055499809,0.0021545027006902276,0.0042262831815787,-0.0013506555209924667,-0.0014839336440103765,-0.0012877114255883647,-0.0012956836233645904,-0.0008613314009759262,-0.0009248269666779671,-0.0010346396281813988,-0.0006267231484183701,-0.0007684199779706532,-0.0008796889425524189,-0.0008475891640361034,-0.0009939527630736925,-0.000781995136468531,-0.0006530366623856313,-0.00035731545191057567,-0.006718805796579488,0.005706415897256147,0.0021962780337823977,8.087501265845934e-05,0.001112923353602179,0.0011658109584133168,0.5246673808395632,0.0017084430160478061,1.0,1.4031500995870437e-06,-0.0002972781186424851,-0.0011042587494336496,-0.00047938827426194803,0.0004902988910970703,-0.0006522316607972688,-0.005483084827468609,0.005013595837358542,-0.015274056884429066,-0.0006272213175951687,-0.000125631546481837,-6.616551926864623e-05,-5.939648829164354e-05,-2.3818461216993428e-05,-0.001081241274370276,-0.00017378279973076467,-0.00010899080776099352,-0.00042052671141073534,-0.0022398174740799743,0.8466909666074861,0.677436305310095,0.02106339757076499,0.011258679788492595,-0.00022451561962504322,-0.0030618259059319248,-0.00012475182997003103,-0.00025888307275191306,-4.291877582427766e-05,-0.0006568531765490959,-0.0026875738516283125,-0.00012427455053269686,-0.00015330363602680957
유동비율,-0.017223445128900314,0.01862881926311064,-0.01072108374783325,-0.012974804116077519,0.06277814622313499,0.08659188229783203,-0.017028671443302747,-0.00984615748401835,0.00804775078571196,-0.0039394430904861645,-0.007652912555650814,-0.016158297517586986,0.03827395687973376,0.092222103044564,0.15505867917806979,-0.020665589145922356,-0.02359770098804112,-0.018489016722429003,-0.01811758309712832,-0.011398579825794466,-0.013031956674936345,-0.021249040698994463,-0.009152479184014852,-0.00259924291869663,0.0056073395473656504,-0.02355219226960725,-0.013101123182613134,-0.025408685950761994,0.004006144791270507,-0.09636388825513746,-0.02195009347760818,0.13793550406576915,0.10253558308080823,-0.007437131715267475,-0.1206065126419173,-0.117982509057639,-0.00020438414662476398,-0.0002407597012224378,1.4031500995870437e-06,1.0,-0.00633636836143529,0.09609750138181097,-0.013864518254049546,0.013206090670899846,-0.060476297882384435,-0.0058749007662346805,0.05827217270427292,0.0020097074157874252,-0.016596224083974518,0.00014803664518511366,-0.00020803581165410577,-0.0005537506371695898,-0.000274941248643103,-0.013246397704814013,-0.0023253122345380196,5.697497099745716e-05,-0.0035432889383002998,-0.031622714600081814,-0.0001800605582896766,-6.724034521027034e-05,0.021125163851556758,0.009938528891126225,-0.0028725045946605206,-0.041170756602979384,-0.000739250147583162,-0.002805268781694974,-0.0005789393996917961,-0.008641529403737457,-0.03611361326281043,0.06145968005900374,-0.0011179216457668556
이자보상배율,-0.007418502250398845,-0.0016661966709388392,-0.004469621856853155,-0.014234833883823574,0.0009948982488558527,-0.00041484145470472775,-0.0061590468516451655,0.006868559183633583,-0.005962949614811052,-0.0009544524995591577,-0.002929141599454266,0.014640372770585153,-0.009444379829899131,-0.010140019172895837,-0.017870890991597527,-0.00621385679375492,-0.012276452599421584,-0.006737008150349674,-0.008453965530276034,-0.0056161571986952,-0.00364144473409517,0.015959757373448447,-0.0034728329329851942,-0.01199260443012268,-0.024640841994846684,0.020455165837387962,0.010743298352160799,0.022729748349889375,0.005447533105098619,0.010413488470941628,0.02564441957107769,-0.03361550793790931,-0.019051948352644763,0.0073892041684087174,0.12680570797118002,0.11864577418776172,-0.004864470947636735,-0.005531448845346209,-0.0002972781186424851,-0.00633636836143529,1.0,-0.017382047298115395,0.040041777004377894,-0.0346872416752032,0.024219180680269386,0.01735918341698689,-0.03385550393537853,0.0038389900476793267,0.03496738852473611,0.002938895953647735,0.015207440328950736,0.03236741941857905,0.0015661085517009647,0.01125816450515183,0.00751073145900272,0.02018464821328033,0.01722588882561225,0.0037822832963747455,-0.00011425833627395777,-8.945293465071549e-05,0.10982058535311438,0.10044846135796986,0.022091779412956418,0.017187961313250878,0.016834080627883885,0.016070132704566933,0.005065959542174334,0.009321684396174632,0.02801095601625633,0.00547864919392788,0.01957228822936006
금융비용부담률,-0.08252752251652211,-0.010454855343573365,-0.034875746875727275,-0.04364048415514823,0.030468912259000665,0.11240390695046043,-0.09112649286786907,-0.06573496198862401,-0.014396765460947663,-0.017802505077159848,-0.028271045392436987,-0.0924717134420432,0.034013450761646476,0.04832908344338695,0.10658025313406051,0.011644751288938689,0.11363858807680609,-0.09467986868240647,-0.09190474654940381,-0.06408307935126686,-0.06130184598861903,-0.10721001754841325,-0.03847213716944566,-0.008146385465519853,0.04154113870972249,-0.11676940437675676,-0.06864580217758214,-0.12493856269525735,-0.017240283560374207,-0.24084025232304387,-0.053679441272064504,0.2770795047722661,0.13377892729115504,-0.10243256079139854,-0.8353828216241656,-0.818769527672781,-0.00014490577633902583,0.0005078440932198431,-0.0011042587494336496,0.09609750138181097,-0.017382047298115395,1.0,-0.0722314579544485,0.06718105443542999,-0.2576807349513353,-0.046107701422862586,0.2391577256044159,0.004081948942200487,-0.14060417697020225,0.0012331852876114732,-0.00474959959718264,-0.004281852448224628,-0.0016951769672746877,-0.07693265032503017,-0.012377587731833622,-0.007936729802929386,-0.029936032264985195,-0.16558548498917672,-0.0009284122321750845,-0.0003349106502747116,-0.03334849496736699,-0.06256502076212332,-0.016229712584838234,-0.21751989217404782,-0.009136658932098625,-0.018439907584460312,-0.0030476193085378104,-0.04668641437656514,-0.19095332893672376,0.2250080407257168,-0.011198711472274296
자본유보율,0.03246387246441168,0.04640239812165042,0.049626348740050494,0.03151725000537011,0.02859764531170894,-0.01658561204740961,0.03593894762657722,0.09544509926433498,-0.028107377580304096,0.03144203651780296,0.002721560015542354,0.1520041354542391,-0.003313549279784922,-0.013957320094432945,-0.03492216341653637,0.006637464393253777,0.004222780481196886,0.053612220733295746,0.036627699467724956,0.06994061986523156,0.05869033217962216,0.12341929846720731,0.06356617766649486,-0.0054964652980689765,-0.03061317182783982,0.15311173838348002,0.10743757545579218,0.159163637594327,-0.021856956014736275,0.10048739741260254,-0.02467204651434019,-0.07094866466509059,-0.022791534522031087,0.0065817524812422125,0.07731843173087033,0.08105495003625833,-0.0008572526941436206,-0.0007123482354605353,-0.00047938827426194803,-0.013864518254049546,0.040041777004377894,-0.0722314579544485,1.0,-0.8628092427797992,0.11318473485544103,-0.03541035751649923,-0.05253580582280856,0.0002511961074453881,0.1391191880889788,0.00036320599984655377,0.00015935787694837194,0.0010537907405417518,-0.0001660363631906875,0.04473875743006682,0.004569069411889093,0.006724777189918539,0.01857182651287622,0.015421778657731047,-0.00047210896540721603,-0.00013872632813165204,-0.037034330946816546,-0.03165684635721673,0.012303409292097391,0.08408876470555708,0.004070250136112658,0.005510797615316511,0.007907466049709506,0.04049598210762182,0.10802365243908348,-0.01190313291810853,0.005678079430184017
자본잠식률,-0.030607934681566567,-0.06402009564899293,-0.07324785444260377,-0.052337617659699034,-0.029801188029358834,0.014887622304701028,-0.03369173494843364,-0.10537205340071011,0.02737416548327683,-0.03803256267308817,-0.06344605672178237,-0.13802791913970533,-0.019261640728590965,0.007929709776794018,0.029591560425504863,-0.03176380360860339,-0.030561887973185323,-0.05033993760563525,-0.03412092561165552,-0.06950412912500846,-0.05676154516722871,-0.1134945475416816,-0.06307522947029402,-0.0046908048725853805,0.01751498463480999,-0.13759124214163215,-0.09999497042339753,-0.14217011062880475,0.02151919436689613,-0.09205038851265343,0.04253247001702941,0.048219341566636195,-0.003907796434844103,-0.0057462104962850875,-0.06996854609031392,-0.07384387165220196,0.000873557153484904,0.0007248068529179365,0.0004902988910970703,0.013206090670899846,-0.0346872416752032,0.06718105443542999,-0.8628092427797992,1.0,-0.10418394810672467,0.03352548350622374,0.047482009223037316,-0.00025692187770892406,-0.12501169791141128,-0.0002868457352183491,-3.07522129217794e-05,-0.0008680319419449036,7.871109045044223e-05,-0.04306111570774221,-0.004492197894682214,-0.006185031119255701,-0.02068588284047087,-0.009571421949179162,0.0004891204675770803,0.0001767785982536537,0.03232997254374578,0.023072050332784658,-0.011044250005188704,-0.07591765159394093,-0.0034218438817908508,-0.004839018092620004,-0.0072960586344929905,-0.03564877617283875,-0.09132447463314383,0.011966034092056713,-0.004868745712791889
부채 대비 영업활동으로 인한 현금흐름,0.11069768718029217,0.03081769813981155,0.055469438483966925,0.06464594833846805,-0.015442197580217688,-0.1264110489280694,0.04935039380845604,0.10171833934503505,0.01880211666802082,0.01907740122108159,0.016399949968489706,0.14843075237442357,-0.031025090240159522,-0.04104492784555344,-0.08494897622475368,-0.014383672862456709,-0.1107420250192988,0.08843059267396237,0.07339703175208621,0.07356139158786743,0.07383199596789405,0.19178966744436413,0.05569625438678818,0.01474223669232279,-0.022096853118514028,0.2033832114417624,0.15435735008907192,0.20894566329371764,0.02131261369827191,0.4696414323436413,-0.08047730419400942,-0.3132857335354997,-0.11410732015645243,0.027783524929943692,0.2863622918578658,0.2869918086462532,-0.004663021526023593,-0.005076664152547574,-0.0006522316607972688,-0.060476297882384435,0.024219180680269386,-0.2576807349513353,0.11318473485544103,-0.10418394810672467,1.0,-0.20951194023291442,-0.500403024201618,-0.001655571746137108,0.2649648320229065,-0.0005088696625989994,0.006945725004500118,0.008646048302778271,0.0019561014006200346,0.009262765881873487,-0.00231222034573308,0.014543010034852408,0.05599072023369063,0.11463613820124864,7.457255837870717e-05,-0.000339498977332512,-0.12287548803325501,-0.11491675914802066,0.008770819280213341,0.23122509170166508,0.009304815175993984,0.020742748121613877,0.0049507729881786535,0.039870638496980935,0.1611373631406175,-0.6378322788628945,0.01035090412501741
부채 대비 투자활동으로 인한 현금흐름,0.004999606201585527,0.018907498661837413,-0.01457081789538619,-0.02937959727801983,0.06841796099188864,0.09632640070667173,0.07380302723569299,-0.0031002730968931504,-0.028333747171851813,-0.011467773627995935,0.02766130487802935,0.010291885386208252,0.03564454479576945,0.00401473970609788,-0.01849280894712017,0.057622244275558746,0.043577098378397905,0.055467276263633146,0.06261813551801593,0.02390345948191506,0.008809452849823854,0.002006279531202078,0.03580514692846042,0.038218247030907586,0.05593059187900338,-0.0030021937535723436,0.007108215574481744,-0.005384157739184816,0.0062419340763708395,-0.08842192034750448,0.3671336074310862,-0.20537747720526534,0.011053531839917452,0.010536891624060645,0.09979248653162208,0.09372938117468348,-0.005166543679834335,-0.0026991401102227333,-0.005483084827468609,-0.0058749007662346805,0.01735918341698689,-0.046107701422862586,-0.03541035751649923,0.03352548350622374,-0.20951194023291442,1.0,-0.6428559534862038,0.005092099045057286,-0.03876881716688754,0.0011660569603097442,0.004374271027350287,0.002782506818072439,0.0018611934484766017,-0.09797672092782442,0.009984829970553036,0.010013944028100779,0.00884287141967986,0.0794267403419423,-0.00419859763805478,-0.004165757604621266,0.02655980068316689,-0.022232512005443916,0.01972031778675063,0.13892445771403333,0.01303945636970146,0.013319378697063684,0.005116283060923921,0.02487780586682086,0.08407044739808,0.13581735060678357,0.015514796608966873
부채 대비 재무활동으로 인한 현금흐름,-0.0842359217847835,-0.0371183475839149,-0.034216994906524294,-0.028686575890755524,-0.03346868476322706,0.019745737694683702,-0.10520141836583169,-0.07317525772762068,0.011773422286858022,-0.0003661568596200451,-0.039343518153144866,-0.12183873809500552,-0.004122798317808725,0.03150157703422042,0.08795960115702224,-0.03696330535077807,0.04751114407821971,-0.11336705472568144,-0.10941508496221271,-0.07236870630266119,-0.06536079391450998,-0.13747117472776468,-0.06948463105295201,-0.045804319487620114,-0.03303921354554307,-0.14008723407960763,-0.11200790167443275,-0.14259002885964428,-0.023980752708983366,-0.25950120697038037,-0.23353734274016172,0.44795415341636113,0.08294482380373275,-0.030517289122582284,-0.30961049093530224,-0.3051930821838425,0.007621824206138063,0.005871823650896149,0.005013595837358542,0.05827217270427292,-0.03385550393537853,0.2391577256044159,-0.05253580582280856,0.047482009223037316,-0.500403024201618,-0.6428559534862038,1.0,-0.0029703798799461697,-0.1450356758915611,-0.000430957941585006,-0.008088420445361363,-0.007072397763695759,-0.00245309271179453,0.10273607172223068,0.0017591036734996494,-0.02614297141069325,-0.04227319578730474,-0.1455690180041178,0.003471364921773493,0.003872914258166093,0.0779656036249318,0.10673750650351162,-0.028839526039586397,-0.3005177228383772,-0.020406801936420787,-0.02683621473261328,-0.00788817715781616,-0.06026766930163474,-0.2058654308923437,0.32739603613665774,-0.02400583819634027
ROE,0.000655630745303827,0.00024933783450353304,0.0004900914304845531,0.0005186892188947483,-0.0002048134963572325,0.0012705755411371235,0.0007291969735007131,0.0005155465831685692,0.00039020150289782485,0.00022423425712816427,0.00024736280401213437,0.000557756128637011,8.90729983482821e-06,0.0007637496444725852,0.0010974769019611557,-0.0007110840103862238,-0.0032170625077526348,0.0007544348667130772,0.0007225672204973252,0.0006806788525804815,0.0005253216621739438,0.0006530189041891389,0.00048670521433388304,0.0005405827541041424,0.0006891641702638892,0.000551866612499847,0.0006610802424868587,0.0005004641239666776,0.0003415495482445709,-0.0006027704741947976,0.003932371590466402,-0.0025893689125284147,-0.0007622887183009716,-8.833160032943832e-05,0.006676193254278567,0.006884238510321979,-0.5678772086130545,-0.6576764725963945,-0.015274056884429066,0.0020097074157874252,0.0038389900476793267,0.004081948942200487,0.0002511961074453881,-0.00025692187770892406,-0.001655571746137108,0.005092099045057286,-0.0029703798799461697,1.0,0.0004886623809408957,0.6409568562600036,6.487783781980521e-05,6.312681745224534e-05,2.027775661232138e-05,0.0007272569546329977,0.00011661076396489988,0.00010715044172794006,0.0003976859374882582,0.00109362358849949,-0.00841419606360246,-4.705712461925391e-06,0.0005690469108595066,0.0007405058684253423,0.00019275303483740067,0.0018003895851724553,9.383708840744359e-05,0.00017640450114420986,2.5627209643228542e-05,0.00037629436271763614,0.0015312889371441303,0.0030602755672386904,0.00011855724826092984
ROA,0.06618572767909336,0.02376760498518303,0.017718371873190038,0.015609680874685034,0.029091057862950343,-0.021794676353355576,0.06375672872574856,0.07341755820670617,-0.013921537688524098,-0.02038498641296215,-0.0007069968620186378,0.14199454886808552,-0.019246195076082013,-0.03053619066349254,-0.05150556384778434,-0.003964962313607814,-0.04236482985611679,0.0762500624880345,0.06451651764608754,0.032204521756236136,0.022502323302348252,0.2106994225735127,0.07599942487684236,-0.0794277280249949,-0.043801053840915136,0.2906467640666815,0.1511976399521513,0.31601161948516104,-0.0064207474900318025,0.14133092995660204,-0.004594348681950281,-0.11430678629716594,-0.05751969809783879,0.022232203873966745,0.14417302305110413,0.1520926617774566,-0.0011504067413233134,-0.0009658444983560483,-0.0006272213175951687,-0.016596224083974518,0.03496738852473611,-0.14060417697020225,0.1391191880889788,-0.12501169791141128,0.2649648320229065,-0.03876881716688754,-0.1450356758915611,0.0004886623809408957,1.0,0.004344066065428525,0.007613670012293275,0.010921037362836885,0.0037590713799051,0.13626288055961563,0.01922160449941862,0.011472263506829661,0.07728018606912863,0.08457630391550984,-0.0007319152201269162,-0.00010853859283837337,-0.0476454015220255,-0.080553962450467,0.021059401611398732,0.1929779370991659,0.004771651837010819,0.018711535431183982,0.004733078759272801,0.03445031105474127,0.14117679705701824,0.3391546143777727,0.00755808305116397
ROIC,0.0009084504321918729,0.0009784796638338323,0.0010288409711952506,0.0010647353300409384,0.0007042750101058512,0.000879332565107922,0.0017148641565438985,0.0011344837812424402,0.0010771493852405336,0.0002418212700211795,0.0005002702004084178,0.0010366192765700508,0.000729607477005913,0.001063440466458979,0.00161352690912184,0.00027326175514823736,-0.0008514279569931313,0.00147001615541111,0.0012123476507492753,0.0014465455608465294,0.0010754581663963393,0.0026385108980589264,0.0010649164258503113,0.0023551992238523838,0.001818423531286622,0.001650675535595267,0.0013428168616405195,0.0016866022747659972,0.0006514883861505936,-0.00018581273215681924,0.00019866759706095,0.00015817816316401502,0.0007793989797075752,0.0001176548453701852,0.005898530333575968,0.006081835216168806,-0.3951908870343066,-0.46413859543129016,-0.000125631546481837,0.00014803664518511366,0.002938895953647735,0.0012331852876114732,0.00036320599984655377,-0.0002868457352183491,-0.0005088696625989994,0.0011660569603097442,-0.000430957941585006,0.6409568562600036,0.004344066065428525,1.0,9.988199285157597e-05,0.00010685845662858207,3.711275313142032e-05,0.0013922489683858288,0.00021939186869837334,0.00024683101491707163,0.0007851544425118436,0.000977999613525601,-1.7762019824598144e-05,0.25199892554549125,-0.004462632110852927,0.0031915066458443916,0.00035119171442233904,0.003783228228593599,0.00018335939810338968,0.00032853357731466184,0.0001752278406961755,0.0008130548833143786,0.0029799626916572983,0.0041743469255856565,0.00022820536271318738
매출액증가율,3.9625567502392e-05,0.0019322528444306371,0.00016583455326494556,0.0005726352337564238,0.004377395823721053,0.004314891104391757,0.004893626524138234,0.0006372669367797273,6.308444456277206e-05,0.00443698857383874,-0.00011199365877228058,-0.0015163818838656881,0.0026349707845433022,-1.213483431567008e-05,-0.0002017196758124904,0.004382731870172041,0.002572103376874738,0.0043381437697795604,0.004633104227252348,-5.6213556342775524e-05,-0.000618622241251778,0.006933748351543147,0.0002649903140205947,0.0008547285029428632,0.0008597092216155109,0.005876216151545175,0.0043447210593347925,0.006302776252863383,-0.00022286090998061258,0.004297841868727688,0.0010770792393757413,-0.004020120361000053,0.0012393864439265885,0.000570392252822738,0.00564753769415293,0.005476856428196864,-0.00011774004845305637,-9.763983922309989e-05,-6.616551926864623e-05,-0.00020803581165410577,0.015207440328950736,-0.00474959959718264,0.00015935787694837194,-3.07522129217794e-05,0.006945725004500118,0.004374271027350287,-0.008088420445361363,6.487783781980521e-05,0.007613670012293275,9.988199285157597e-05,1.0,0.15072609444358742,0.014797655150805993,0.03490373844678739,0.009670079584351036,0.015554044114582359,0.07797804421632192,0.004621947836818889,-5.142483436286236e-06,-1.5090926861816548e-05,0.017727603257836618,0.008216688853311761,0.03437669921545443,1.3178367504285474e-05,0.014403928542825633,0.9987661731968045,0.0003628433079064572,-0.00038510463275628405,0.01630108932343583,-0.0038636478553065305,0.018850064249137446
영업이익증가율,-0.0020292253974851333,0.00042099041480561606,-0.001525246230147458,-0.0019057388864576466,0.003497342232733743,0.00810672656975036,0.00020754774949111108,-0.0008312216139237309,-0.0010243747603449424,0.00026338255991367163,-0.0010205647573016882,-0.0011862497913395238,0.0013213608690456154,0.00014248115853051325,0.001156475779876599,0.002051551848916254,0.0005586722308707706,0.0002555049718344071,-0.00012695333814054878,-0.0011994869702520435,-0.001820120718571984,0.007234809780183276,-0.000785541957706265,-0.00031040761973098486,-0.0008269061245502335,0.0064355066656198185,0.004954977668408413,0.006585286544779693,-0.0007858860354871496,0.00038560483182921727,0.0008513071988544809,-0.00013178834710796634,0.001054456167929874,0.0005142601140970133,0.005091360408341709,0.004937488550580481,-0.00010599793720881283,-8.800662873641123e-05,-5.939648829164354e-05,-0.0005537506371695898,0.03236741941857905,-0.004281852448224628,0.0010537907405417518,-0.0008680319419449036,0.008646048302778271,0.002782506818072439,-0.007072397763695759,6.312681745224534e-05,0.010921037362836885,0.00010685845662858207,0.15072609444358742,1.0,0.05512881710845058,0.045886593604442055,0.0075093343288397535,0.061140420364934375,0.16578928797287765,0.0008830477503222455,-3.771465733392587e-05,2.030520967169152e-05,0.019529527575430087,0.002350242924177402,0.03832097481122214,0.021579152990207788,0.008841290891905084,0.151182211803732,0.000793011682904976,-4.125866063275707e-05,0.00992012190844494,-0.0011612406125954585,0.013909195873602724
순이익증가율,-0.0014170507402670952,-0.000946253569414112,-0.0008463045527017654,-0.00035088990012091276,-0.0008865579524026229,-0.0003284275788978647,-0.0012085396133346134,-0.0009990699886829235,-0.001003522264626514,-0.00044730111554834725,0.001481212439052799,-0.0011113752682762607,-0.0007868275635184675,-0.000847306128592603,-0.0008908655757467635,-0.000560981459633801,-0.0004283275779897664,-0.0010094222352318182,-0.001101529388011629,-0.0009316049233001317,0.00018305174150122256,0.0007163897111498717,0.00027032594606069015,-0.0017522188177987047,-0.0005794063835562628,0.0019482550176025317,0.00047683170313122185,0.002244042147271,-0.000571084289294693,0.0008934059527126576,0.0012295677307098281,-0.0015591227275170527,-0.0009149239264508276,0.00020358730900563095,0.002015660015215656,0.0019547447195635325,-4.23497020330692e-05,-3.510758629648095e-05,-2.3818461216993428e-05,-0.000274941248643103,0.0015661085517009647,-0.0016951769672746877,-0.0001660363631906875,7.871109045044223e-05,0.0019561014006200346,0.0018611934484766017,-0.00245309271179453,2.027775661232138e-05,0.0037590713799051,3.711275313142032e-05,0.014797655150805993,0.05512881710845058,1.0,0.008855636081542205,0.0015833471196675436,0.00555494001847737,0.021211665627260304,0.0001568337870649493,-1.956311288828786e-05,2.6094062221935e-06,0.0016013717497513173,0.0018127107472964722,0.005804752213268988,0.005389278636815588,0.0026807251889642615,0.015071975885334715,0.00012379502968350438,0.0004235406616910224,0.0026521425310562043,-0.00029099758360291906,0.003427434952001918
총자산증가율,0.06266988246281548,0.05362983127001621,0.034017838431989154,0.02914918260864456,0.0714794447066952,0.032567767419964,0.08468635813620176,0.04365483513091445,-0.00024345458270618353,0.008964061803488117,0.04173681295319774,0.053173130771630314,0.05170482745243459,0.019671114560183122,0.024125138740188644,0.07067678705918118,0.055094193384739906,0.07532557528187263,0.06990393220629097,0.05164382867127171,0.02685617741842545,0.11202709975271796,0.06272049904254615,0.024003588901207188,0.008241327560806382,0.12421348385781306,0.09556136570474363,0.1268680796399112,-0.010979867576348962,0.01874871986126007,-0.1238343465028813,0.1092001842333112,0.044923011308699905,0.009239209309523173,0.091477144054797,0.0887125302584196,-0.001922778525837397,-0.0015940781485281176,-0.001081241274370276,-0.013246397704814013,0.01125816450515183,-0.07693265032503017,0.04473875743006682,-0.04306111570774221,0.009262765881873487,-0.09797672092782442,0.10273607172223068,0.0007272569546329977,0.13626288055961563,0.0013922489683858288,0.03490373844678739,0.045886593604442055,0.008855636081542205,1.0,0.10513865034975403,0.0323705270667714,0.1761810396900787,0.0954427923944518,-0.0008721850137941603,0.0007466758177352351,-0.02459213017931061,-0.06633498651317361,0.056635095875928396,0.23764288383982374,0.009345492111891897,0.048683309259674824,-0.0009200343495312427,0.049766151783356624,0.2913647048005642,0.037444946325935397,0.016893349315998354
유동자산증가율,0.0010557020629333143,0.012800849545213721,0.015215481556621906,0.0025598678688135775,0.006507661523317855,-0.0005120286368351536,0.0044035005731916654,0.012663395974897294,0.0063621108225952565,0.0045522295949911385,0.022606130275898684,0.013503201944529992,0.010532357861330593,0.005315673990700584,0.0025979711691487242,0.013418068669615653,0.025006079853940048,0.00347483363821558,0.0018119703925447777,0.0005355749143195609,0.0028254813707682003,0.022313182861121193,0.006453548454273615,0.004785645826385156,0.008837472362274503,0.021658310432451176,0.016101077676692905,0.023048431147478378,0.00915838558146059,-0.0007290712215789736,-0.0067601471360540025,0.011989526096118733,0.013810126857382834,0.0014867200649137371,0.01471766983361202,0.014272880744271743,-0.00030911004177151477,-0.00025629170540880875,-0.00017378279973076467,-0.0023253122345380196,0.00751073145900272,-0.012377587731833622,0.004569069411889093,-0.004492197894682214,-0.00231222034573308,0.009984829970553036,0.0017591036734996494,0.00011661076396489988,0.01922160449941862,0.00021939186869837334,0.009670079584351036,0.0075093343288397535,0.0015833471196675436,0.10513865034975403,1.0,0.0035603522442783845,0.02792081466162559,0.0011182344364167702,-0.0001581451946072794,4.9634648032994575e-05,0.022147006626956543,0.014877446947638815,0.0352654007540223,0.035074495213422284,0.010110271699367993,0.011878590100094778,0.0006444038145763363,0.005144390730116087,0.046453949813321446,0.008554445189019414,0.014743107211810559
유형자산증가율,-0.013216580751228276,-0.0005546917267654072,-0.005335959478206444,-0.010007240055889854,0.006597168327097792,0.012137741217985935,-0.0051610518801303955,-0.003400906352420835,-0.004077365650516302,-0.0016943251298059741,-0.004206413969170209,-0.0023842422661937185,0.001672253567544067,-0.0004291884599541851,0.0003939541489771123,0.0033612070264742427,0.008639533018492667,-0.005149248172925434,-0.005745424449069896,-0.006257145228129704,-0.008255000182415503,0.008016534033116585,-0.004063551654711882,-0.0022130936302470856,0.0019809211851661134,0.006774253805733846,0.007031317085956424,0.006480619907646851,-0.0013894417764975422,-0.0026580351889268516,0.004743518882708323,-0.0028813962760985998,0.004079509959827496,0.0009532832035429152,0.009437235343617754,0.009152023202039922,-0.00019462631763276123,-0.0001616335523548447,-0.00010899080776099352,5.697497099745716e-05,0.02018464821328033,-0.007936729802929386,0.006724777189918539,-0.006185031119255701,0.014543010034852408,0.010013944028100779,-0.02614297141069325,0.00010715044172794006,0.011472263506829661,0.00024683101491707163,0.015554044114582359,0.061140420364934375,0.00555494001847737,0.0323705270667714,0.0035603522442783845,1.0,0.0663884788444829,-0.005890579148628052,-5.2432806526172564e-05,2.7310921983225458e-06,-0.005214093784137059,0.023118107223375033,0.06969816976102415,0.02973438681574787,0.07120601006040018,0.016950641275882604,-0.00047643740060620106,0.017145215108959506,0.031473688578647914,-0.00779241941407765,0.07956217853217687
자기자본증가율,-0.0011199389256995069,0.002972907045294404,-0.0012775673112673028,-0.0025856576211351627,0.008758065119136968,0.0035385776001601,0.010963453826647488,0.0031354096236743956,-0.009410312817288687,-0.0028723319408952034,0.027214648680523795,0.007229275310816208,0.0019187938004944604,-0.00490361754035738,-0.0033115220761187093,0.007442342787380851,-0.0007367354699705866,0.011844731880791973,0.008721508871929627,0.003318932946736947,-0.00026073921500719256,0.05010177723692188,0.017549480106944987,-0.0014583020741476861,0.0030679459233689007,0.059283810994273475,0.04531160566439641,0.06019892836856192,-0.012141784462039737,0.02498185522695088,0.001206624447277908,-0.019367496056740405,-0.0032082338729011615,0.0035953511151393916,0.035595627099671484,0.03451988677813954,-0.0007482500851764939,-0.0006204901713319321,-0.00042052671141073534,-0.0035432889383002998,0.01722588882561225,-0.029936032264985195,0.01857182651287622,-0.02068588284047087,0.05599072023369063,0.00884287141967986,-0.04227319578730474,0.0003976859374882582,0.07728018606912863,0.0007851544425118436,0.07797804421632192,0.16578928797287765,0.021211665627260304,0.1761810396900787,0.02792081466162559,0.0663884788444829,1.0,0.02180220943560446,-0.0002867256718342086,0.00022324642532528768,0.0402631688018544,0.0035057733473378883,0.06759681303125814,0.10226779269647844,0.027642397037339856,0.08320542906933952,0.001074482790640768,0.015207167294066634,0.0473037848798391,-0.011909075259499127,0.03639362760515482
총자산회전율,0.08517256258068288,-0.04544139938414564,-0.061315993018093415,-0.06734830287513957,-0.0070889698481438465,-0.04867333234631942,0.08034279878791929,-0.02500134646897715,-0.04086817975323254,-0.043277701141547824,-0.03354924124609125,0.007519789552838766,-0.05531876707782391,-0.08643582712099966,-0.11489563172477346,-0.013418083439254916,-0.056803437902355834,0.22827247737235634,0.25134507019053626,0.09405656432958724,0.014294051748830427,0.04411637145334815,0.0051462381356080795,-0.0011612825524526468,-0.04436718385895878,0.04506067203197094,0.036127120944482935,0.04576557521107057,-0.033887819938361645,0.07429234578239331,0.08590425014187344,-0.14191426847279343,-0.11205368697851967,0.019884477045969448,0.19689011938464282,0.1909396701135456,-0.004090553156081239,-0.0034284072760666557,-0.0022398174740799743,-0.031622714600081814,0.0037822832963747455,-0.16558548498917672,0.015421778657731047,-0.009571421949179162,0.11463613820124864,0.0794267403419423,-0.1455690180041178,0.00109362358849949,0.08457630391550984,0.000977999613525601,0.004621947836818889,0.0008830477503222455,0.0001568337870649493,0.0954427923944518,0.0011182344364167702,-0.005890579148628052,0.02180220943560446,1.0,-0.0007712448064982281,-0.0028197147642667494,-0.06189841885426532,-0.13526801439970484,-0.0008208574488299515,0.14832699239653557,-0.013824843715715197,0.012952867966229992,-0.0009195181639145314,0.023425661852911665,0.1091181836932785,-0.09841629279024622,-0.01372041680198832
자기자본회전율,-0.0007523182939794236,-0.00040795554953096077,5.107185734157778e-05,-0.0010645756591846852,-0.0010529213612513288,-0.0010685481113485457,-0.0013007817456142357,-0.0010597662479304398,-0.0007819105171026979,-0.0005673759253457587,-0.000568879118698948,-0.001072273194257592,0.00015500787890240333,0.001227582481565227,0.0026618068384707443,-0.0008887335194469787,-0.00027894558928251943,-0.0010090552298506082,-0.0010074803580708436,-0.0006539506572985571,-0.0008287248542053461,-0.0009452517110325477,-0.0006928694336287305,-0.0007193917207184694,-0.0008009946786081263,-0.0008265749786763945,-0.000929262616633255,-0.0007726497047500902,-0.000662918333594975,-8.504334503331886e-05,-0.0045403183807689925,0.003727402275071943,0.001683454257341653,0.00011156004882792287,0.0011039411084193132,0.001070576701311499,0.4891231507240115,0.05417919158686238,0.8466909666074861,-0.0001800605582896766,-0.00011425833627395777,-0.0009284122321750845,-0.00047210896540721603,0.0004891204675770803,7.457255837870717e-05,-0.00419859763805478,0.003471364921773493,-0.00841419606360246,-0.0007319152201269162,-1.7762019824598144e-05,-5.142483436286236e-06,-3.771465733392587e-05,-1.956311288828786e-05,-0.0008721850137941603,-0.0001581451946072794,-5.2432806526172564e-05,-0.0002867256718342086,-0.0007712448064982281,1.0,0.5839638348244399,0.014402015968387288,0.011489403577663204,-0.00012070758114107785,-0.0026957705215210235,-0.00010723748843759933,-0.00017695314146201188,-4.194526294744739e-05,-0.0005893035567362751,-0.0024164745466203333,-0.0012370930295988616,-0.00012196081639647206
순운전자본회전율,-0.0007931817524218166,0.00015085248616371192,0.000532874011910936,-0.00031730474706363374,-0.00047572408688946433,-0.0010172167948978785,0.00035525649757797045,-0.00015675709905901242,-0.00021251549754616763,-7.050961310650197e-05,-0.00039320095196813227,-0.00011272722174348427,0.0003864037788435672,0.0014128258975172029,0.0025172517401744992,-0.0006513409549879615,-0.0011737600490414396,-0.0017934303732322356,-0.0016350115461761284,-0.0008507821708706439,-0.0002821644503509996,-0.0003034052424474353,-0.00032394053692799625,-0.0006045755703448838,-0.0006132038977264656,-0.00017511137061468555,-0.00016429910798714962,-0.00015471681285213724,-0.00011519058027998991,-5.3041231638551896e-05,-0.0040677221722325765,0.003409925755593539,0.0011719620265435585,4.025621339203077e-05,0.0003982262422089067,0.0003861910947558309,0.35530925242874134,0.001016686182661701,0.677436305310095,-6.724034521027034e-05,-8.945293465071549e-05,-0.0003349106502747116,-0.00013872632813165204,0.0001767785982536537,-0.000339498977332512,-0.004165757604621266,0.003872914258166093,-4.705712461925391e-06,-0.00010853859283837337,0.25199892554549125,-1.5090926861816548e-05,2.030520967169152e-05,2.6094062221935e-06,0.0007466758177352351,4.9634648032994575e-05,2.7310921983225458e-06,0.00022324642532528768,-0.0028197147642667494,0.5839638348244399,1.0,0.004220767114597943,0.007404322587024846,-4.930301560237423e-05,0.00175216470803463,3.809775967120533e-05,6.539490245594346e-05,-1.0007746601055416e-05,0.00027945661328570307,0.0010555431295495956,0.00033000455334829005,3.080510042371179e-05
유형자산회전율,-0.05703013225360635,0.008760236977446002,-0.0062871697367162605,-0.049751965391881335,0.027282757874776565,0.08282572070178038,-0.040762780826014144,-0.020140981166253277,-0.004517050613651602,0.0010874537814606388,-0.014707079274177831,-0.03659488172317512,0.030353025743473608,0.04584963225024278,0.08355804372861354,0.005803780074878594,0.03507198376941773,-0.042247627537211736,-0.04309110193867256,-0.029507377116374044,-0.04108128095916522,-0.023634784835809584,-0.019557065075137454,-0.003166681188505761,0.02405960751939435,-0.0306622886593698,-0.01851865975181241,-0.03243767790393411,0.0007654290519753299,-0.10955328466698781,0.0016312158361511612,0.10990627028073575,0.0790415643526571,0.0040067520206772895,0.03966905377965655,0.03846509497918018,0.013617449227102642,0.003050720611731445,0.02106339757076499,0.021125163851556758,0.10982058535311438,-0.03334849496736699,-0.037034330946816546,0.03232997254374578,-0.12287548803325501,0.02655980068316689,0.0779656036249318,0.0005690469108595066,-0.0476454015220255,-0.004462632110852927,0.017727603257836618,0.019529527575430087,0.0016013717497513173,-0.02459213017931061,0.022147006626956543,-0.005214093784137059,0.0402631688018544,-0.06189841885426532,0.014402015968387288,0.004220767114597943,1.0,0.26624273770854984,0.032843917682487955,-0.09298350732812478,0.014536032105871342,0.011677157485388228,-0.0019917063996184137,-0.010583129927848527,-0.08061635168106832,0.12470495039213553,0.018770799764995183
매출채권회전율,-0.07963676997992708,-0.024807618190484562,-0.01491775542531883,-0.024985396481174562,-0.037901430654349255,0.025792771383247405,-0.11328576970042373,-0.05258125269065259,-0.009172272321473749,-0.009333907330625774,-0.022231913448707088,-0.0776313976382813,-0.0004074155942425992,0.029998913050281323,0.06300438394219045,-0.030849410127355176,0.01300877804888747,-0.09476417021183904,-0.09903491417521827,-0.05048835183369496,-0.03470411552456504,-0.07220803065174734,-0.04379734308762855,-0.030311876075146675,-0.0031259166259294223,-0.0734529458626329,-0.0585073933521424,-0.07473196706741067,-0.0031136836100327785,-0.09924584213604809,-0.02210912732042004,0.11050223550056877,0.05150507494788596,0.007517234351143414,0.07441458771529809,0.07215967484481775,0.006597475041836094,0.0008304696119379847,0.011258679788492595,0.009938528891126225,0.10044846135796986,-0.06256502076212332,-0.03165684635721673,0.023072050332784658,-0.11491675914802066,-0.022232512005443916,0.10673750650351162,0.0007405058684253423,-0.080553962450467,0.0031915066458443916,0.008216688853311761,0.002350242924177402,0.0018127107472964722,-0.06633498651317361,0.014877446947638815,0.023118107223375033,0.0035057733473378883,-0.13526801439970484,0.011489403577663204,0.007404322587024846,0.26624273770854984,1.0,-0.02003633423838867,-0.15854265738888115,0.03217809329090579,-0.0018532651419362971,-0.0004531151794776284,-0.029690506155892426,-0.13213084323810276,0.08036457745817029,0.02895359184973194
DSRI,-0.013257095643387454,-0.000131471605201804,-0.003438808563519267,-0.0067564952717194355,0.0050625909107929225,0.017033555409152502,-0.010849932069400863,-0.00309496212580257,-0.003341055215693005,-0.000505242745795745,-0.003943108696532742,-0.002076948902475276,0.0012816564466120158,-0.0003553603935160938,-0.0004449251035677125,0.0028915567607519037,0.007407152976133692,-0.007310125444544157,-0.009263190836569344,-0.006250569836022415,-0.003147567593001422,0.016091873335409363,-0.007458095667950811,-0.006213570670266104,0.0025126670842573777,0.015179420493790879,0.010916044239350622,0.015260538237778329,0.0005053757133659663,-0.0035275806577038547,0.008193210034300222,-0.006429118442249645,0.003620955647349472,0.0019494022709699308,0.019298068345537826,0.018714838468461725,-0.0004018785127566525,-0.00033408226048446216,-0.00022451561962504322,-0.0028725045946605206,0.022091779412956418,-0.016229712584838234,0.012303409292097391,-0.011044250005188704,0.008770819280213341,0.01972031778675063,-0.028839526039586397,0.00019275303483740067,0.021059401611398732,0.00035119171442233904,0.03437669921545443,0.03832097481122214,0.005804752213268988,0.056635095875928396,0.0352654007540223,0.06969816976102415,0.06759681303125814,-0.0008208574488299515,-0.00012070758114107785,-4.930301560237423e-05,0.032843917682487955,-0.02003633423838867,1.0,0.05213053064735119,0.04688922416874701,0.03722721144038289,0.008627180279112712,0.0413214400794936,0.05395043689746354,0.001413484487033214,0.1820050379404311
GMI,0.13351636910781048,0.09323465744517713,0.08153741715459262,0.080795300378118,0.09239161384776129,0.00704384386821959,0.167110666607769,0.139116607843864,0.03729507372398554,0.028274631026832493,0.06780036834084015,0.19478233746547877,0.045254850960526276,-0.0068195499219736,-0.05752892220351467,0.08744317878743448,0.031192085177630818,0.1762231385073759,0.1655602694507632,0.13288040208866142,0.10020466730607942,0.20148703879252633,0.09360914838945844,0.07386029412662491,0.04077502983520278,0.19525124684476275,0.16054963822181217,0.1977367490820013,0.04788550872461269,0.18661805946534601,0.04194105376190363,-0.2018339020874139,-0.024385527707123655,0.02612310304126524,0.25864314116342313,0.2508263872938699,-0.005444707938346816,-0.004513872919206798,-0.0030618259059319248,-0.041170756602979384,0.017187961313250878,-0.21751989217404782,0.08408876470555708,-0.07591765159394093,0.23122509170166508,0.13892445771403333,-0.3005177228383772,0.0018003895851724553,0.1929779370991659,0.003783228228593599,1.3178367504285474e-05,0.021579152990207788,0.005389278636815588,0.23764288383982374,0.035074495213422284,0.02973438681574787,0.10226779269647844,0.14832699239653557,-0.0026957705215210235,0.00175216470803463,-0.09298350732812478,-0.15854265738888115,0.05213053064735119,1.0,0.028149637898881887,0.03917977190082231,0.0215957873686011,0.2239213542377067,0.5373309394464051,-0.11027140641849122,0.0347918449597152
AQI,-0.013487697524611663,-0.005511904085574355,-0.0018925931098847319,0.0035237040059166707,-0.010069592548018876,-0.005444591040237424,-0.011430821700635611,-0.006243604797910811,0.003108883713858857,-0.0035014618007127556,-0.0019193761230622576,-0.009122410827178368,-0.0042612318819230405,0.00024257706999559356,0.0031096349452543,-0.007623642369481171,-0.005178695192246074,-0.012511739751895793,-0.012562993769917387,-0.011223372022782523,-0.0033465305922154775,-0.004552491613932083,-0.006431472792792683,-0.007246516795180302,-0.0037420373194183166,-0.0030360661710269127,-0.005414077730323595,-0.0022580173728094575,0.006793112476944446,-0.0006479208560311348,0.00994244496804595,-0.009482157147192628,-0.0007596494301770801,0.0010975995096364705,0.010864050452027482,0.010535713654834598,-0.00022498072500797155,-0.00018760285954226366,-0.00012475182997003103,-0.000739250147583162,0.016834080627883885,-0.009136658932098625,0.004070250136112658,-0.0034218438817908508,0.009304815175993984,0.01303945636970146,-0.020406801936420787,9.383708840744359e-05,0.004771651837010819,0.00018335939810338968,0.014403928542825633,0.008841290891905084,0.0026807251889642615,0.009345492111891897,0.010110271699367993,0.07120601006040018,0.027642397037339856,-0.013824843715715197,-0.00010723748843759933,3.809775967120533e-05,0.014536032105871342,0.03217809329090579,0.04688922416874701,0.028149637898881887,1.0,0.016018991823975155,0.0005518783942654041,0.011476875481175475,0.020009741584800674,-0.009690005332087932,0.990750139469608
SGI,0.009093805810937666,0.007900311723636646,0.0054875177469750624,0.005906453061897568,0.010159377804785255,0.004665579183368557,0.015646250573357633,0.009587386368041153,0.00256888731151515,0.006351467291043602,0.004273519654096058,0.010984315853705424,0.005492107110486355,-0.00041544753852976375,-0.0038670323940332403,0.009867207453234937,0.0045436881020428175,0.015472089376864638,0.015464012392869859,0.0077039917093125266,0.005814884031275889,0.01848521165755861,0.006223545231108214,0.00526740446435754,0.0034215788925581556,0.017287046708518137,0.013613127935012476,0.017869392614123274,0.002955652971950807,0.015818243993081058,0.0038337810180134897,-0.01677090008984218,-0.00034453958385715304,0.002214520092494053,0.021926067511752464,0.021263413877325697,-0.000460436216161104,-0.00038174659893288183,-0.00025888307275191306,-0.002805268781694974,0.016070132704566933,-0.018439907584460312,0.005510797615316511,-0.004839018092620004,0.020742748121613877,0.013319378697063684,-0.02683621473261328,0.00017640450114420986,0.018711535431183982,0.00032853357731466184,0.9987661731968045,0.151182211803732,0.015071975885334715,0.048683309259674824,0.011878590100094778,0.016950641275882604,0.08320542906933952,0.012952867966229992,-0.00017695314146201188,6.539490245594346e-05,0.011677157485388228,-0.0018532651419362971,0.03722721144038289,0.03917977190082231,0.016018991823975155,1.0,0.000910839476995877,0.008022053891243407,0.05065008205918696,-0.01096104078205243,0.020827138441937634
DEPI,9.078617719280449e-05,0.004268015631523102,0.0044999941569559025,-0.0013356671227562344,0.0027639774176985857,0.0006995172772635183,0.0002816605561024039,0.0073171331642255585,0.0026442947212861646,0.0016167551750292672,0.0007172505088084484,0.007841724828941183,0.001251082241778364,-0.0010111186980453594,-0.0017130085780977641,0.0026867087967681457,-0.00011883731434977775,0.0031793320353060905,0.002575890007694151,0.0017126205078160962,-0.0006089605750162818,0.009013486482898769,0.0041007009527537245,0.0030144454530552736,0.002830908347996938,0.008187752922180278,0.0010392750693424349,0.009713721195930655,-0.00038586505543749037,0.0026177966039054915,0.0028303981640159454,-0.004811279944201106,-0.0013066120522643486,0.0003660478849035702,0.0036237893363422484,0.003514271636121179,-7.63316371865177e-05,-6.328599480123869e-05,-4.291877582427766e-05,-0.0005789393996917961,0.005065959542174334,-0.0030476193085378104,0.007907466049709506,-0.0072960586344929905,0.0049507729881786535,0.005116283060923921,-0.00788817715781616,2.5627209643228542e-05,0.004733078759272801,0.0001752278406961755,0.0003628433079064572,0.000793011682904976,0.00012379502968350438,-0.0009200343495312427,0.0006444038145763363,-0.00047643740060620106,0.001074482790640768,-0.0009195181639145314,-4.194526294744739e-05,-1.0007746601055416e-05,-0.0019917063996184137,-0.0004531151794776284,0.008627180279112712,0.0215957873686011,0.0005518783942654041,0.000910839476995877,1.0,0.004368653753807846,0.004248078045617974,0.0001076817191606768,0.0017162637329025626
SGAI,0.023155339266560205,0.022844917386525238,0.022886100952992008,0.014177238505963302,0.01753475162474422,7.848024958864846e-05,0.030420611612350146,0.03650039878629084,0.0065356575737738586,0.007701730151919528,0.012655699810354751,0.05270502082557116,0.00902845449927598,-0.001433751864743737,-0.01137424146873626,0.017519035561052873,0.010925897906442637,0.030869581317263122,0.028461164641686083,0.028520105609246928,0.01927685443634728,0.03571461545765368,0.018175502121157792,0.012585511874755788,0.007389240174911001,0.03573562073670645,0.026586008048623547,0.036946187146391425,0.008772354831007502,0.033095429819321946,0.009764274040911456,-0.04016337524056227,-0.002650760769198198,0.005606890317168183,0.055512724123867645,0.053835010803546295,-0.0011682981343852604,-0.0009686490208433286,-0.0006568531765490959,-0.008641529403737457,0.009321684396174632,-0.04668641437656514,0.04049598210762182,-0.03564877617283875,0.039870638496980935,0.02487780586682086,-0.06026766930163474,0.00037629436271763614,0.03445031105474127,0.0008130548833143786,-0.00038510463275628405,-4.125866063275707e-05,0.0004235406616910224,0.049766151783356624,0.005144390730116087,0.017145215108959506,0.015207167294066634,0.023425661852911665,-0.0005893035567362751,0.00027945661328570307,-0.010583129927848527,-0.029690506155892426,0.0413214400794936,0.2239213542377067,0.011476875481175475,0.008022053891243407,0.004368653753807846,1.0,0.37148486167341366,-0.021417435206112608,0.01691099016025505
LVGI,0.12906750280209328,0.09990975294793793,0.09190955146406159,0.0834082007809606,0.09197289783829167,0.014624905897786021,0.1576565415260832,0.1428286701210127,0.040730784713306656,0.048145779563715865,0.05565574135579156,0.1922467649089927,0.05194424446957695,0.006265912372044318,-0.04058940800757872,0.08603816857977525,0.04219829718397348,0.15625817741487966,0.15136573665837502,0.11312117031567445,0.09499455523280798,0.16121179117562595,0.08824015459993605,0.06814775960963053,0.03432446019103189,0.1575498212035775,0.12558430677350885,0.16014853757256803,0.05449947625639754,0.1478626243705135,0.0076598063503937235,-0.14207765191320434,-0.0073344235931939485,0.022932490506480212,0.22705402483665849,0.22019196273350677,-0.004779687211982608,-0.003962717758783865,-0.0026875738516283125,-0.03611361326281043,0.02801095601625633,-0.19095332893672376,0.10802365243908348,-0.09132447463314383,0.1611373631406175,0.08407044739808,-0.2058654308923437,0.0015312889371441303,0.14117679705701824,0.0029799626916572983,0.01630108932343583,0.00992012190844494,0.0026521425310562043,0.2913647048005642,0.046453949813321446,0.031473688578647914,0.0473037848798391,0.1091181836932785,-0.0024164745466203333,0.0010555431295495956,-0.08061635168106832,-0.13213084323810276,0.05395043689746354,0.5373309394464051,0.020009741584800674,0.05065008205918696,0.004248078045617974,0.37148486167341366,1.0,-0.09108699966017166,0.02702627656815123
TATA,-0.06321150725762874,-0.009228216107470743,-0.04673653591957658,-0.060424246366506465,0.05337933520729548,0.14244682305859843,-0.02223236768687966,-0.03266163151746726,-0.033497256980415106,-0.03197413996463561,-0.02036951062630407,-0.020604356159382286,0.009367108496069098,0.016845232910863026,0.055387976433094455,9.356005083678333e-05,0.0835734548946133,-0.04642754774633774,-0.04450475832726867,-0.04462876020956788,-0.05772280833458509,-0.031609240083599076,-0.009110477064489288,-0.07171403989766134,-0.01791399005571734,0.00884881665624497,-0.021837526696702997,0.01625481048869124,-0.025863222541829652,-0.39453877122003655,0.08068429674668254,0.26161779953666525,0.0787002282631008,-0.0208246733426164,-0.24777450924963199,-0.24590370951182655,0.0046042770359964276,0.005484926351538175,-0.00012427455053269686,0.06145968005900374,0.00547864919392788,0.2250080407257168,-0.01190313291810853,0.011966034092056713,-0.6378322788628945,0.13581735060678357,0.32739603613665774,0.0030602755672386904,0.3391546143777727,0.0041743469255856565,-0.0038636478553065305,-0.0011612406125954585,-0.00029099758360291906,0.037444946325935397,0.008554445189019414,-0.00779241941407765,-0.011909075259499127,-0.09841629279024622,-0.0012370930295988616,0.00033000455334829005,0.12470495039213553,0.08036457745817029,0.001413484487033214,-0.11027140641849122,-0.009690005332087932,-0.01096104078205243,0.0001076817191606768,-0.021417435206112608,-0.09108699966017166,1.0,-0.009346482572922558
Beneish M-Score,-0.01507797560848004,-0.005443658939168115,-0.0023301848893967107,0.0025508028486223664,-0.009224542227405047,-0.003045542305478967,-0.01272620463886829,-0.006566514508156748,0.002606447784299882,-0.0035154035442306105,-0.002425057553368657,-0.00926205543044466,-0.004020553422061946,0.00019051388333760443,0.0030006235668385123,-0.007111737062618928,-0.0040915397342709495,-0.013309363608416636,-0.013625137852594223,-0.01189719136077547,-0.0037218534081326143,-0.0022953057098956645,-0.0073441739970817686,-0.007977432951340065,-0.0033422426357659347,-0.0009265172164285656,-0.003846572994913182,-0.00014959826609797804,0.006755659064516979,-0.0011170579215106643,0.010900200587430232,-0.010207415688260226,-0.0002558734433221823,0.001345277582473572,0.013315953023746155,0.012913513479018347,-0.0002760609096672254,-0.00023005663431107897,-0.00015330363602680957,-0.0011179216457668556,0.01957228822936006,-0.011198711472274296,0.005678079430184017,-0.004868745712791889,0.01035090412501741,0.015514796608966873,-0.02400583819634027,0.00011855724826092984,0.00755808305116397,0.00022820536271318738,0.018850064249137446,0.013909195873602724,0.003427434952001918,0.016893349315998354,0.014743107211810559,0.07956217853217687,0.03639362760515482,-0.01372041680198832,-0.00012196081639647206,3.080510042371179e-05,0.018770799764995183,0.02895359184973194,0.1820050379404311,0.0347918449597152,0.990750139469608,0.020827138441937634,0.0017162637329025626,0.01691099016025505,0.02702627656815123,-0.009346482572922558,1.0
