,자산,비유동자산,유형자산,유동자산,재고자산,매출채권,자본,자본금,자본잉여금,기타포괄손익누계액,이익잉여금,부채,비유동부채,장기차입금,유동부채,단기차입금,매출액,매출원가,판매비와관리비,감가상각비,영업이익,영업외수익,영업외비용,이자보상배율,법인세비용차감전손익,법인세비용,당기순이익,기초자본금,영업활동으로 인한 현금흐름,투자활동으로 인한 현금흐름,재무활동으로 인한 현금흐름,종업원,총차입금(원),이자비용,매출총이익률,영업이익률,순이익률,부채비율,유동부채비율,비유동부채비율,유동비율,금융비용부담률,자본유보율,자본잠식률,ROE,ROA,ROIC,매출액증가율,영업이익증가율,순이익증가율,총자산증가율,유동자산증가율,유형자산증가율,자기자본증가율,총자산회전율,자기자본회전율,순운전자본회전율,유형자산회전율,매출채권회전율,부채 대비 영업활동으로 인한 현금흐름,부채 대비 투자활동으로 인한 현금흐름,부채 대비 재무활동으로 인한 현금흐름,DSRI,GMI,AQI,SGI,DEPI,SGAI,LVGI,TATA,Beneish M-Score,Marcap,Close,Open,High,Low,Volume,PER,PBR
자산,1.0,0.989935412338314,0.974362193384657,0.9608402618449506,0.8878568354596839,0.9208042482765588,0.9743286607742571,0.7059434473354615,0.8644505783945368,0.2667939742917107,0.8950682680817268,0.9864387067823392,0.9698359365199541,0.817661066156253,0.9711879386669114,0.8700884278733491,0.9644388286122364,0.9112285833734456,0.8291038239220029,0.6633355593997525,0.9342342735838471,0.8074286067338897,0.8465707692817555,-0.001589464876236385,0.8874159797064245,0.875307531993779,0.8639689844011754,0.7144877703037406,0.8824810996125132,-0.9293670294760896,0.0751901784954776,0.6485872502737333,0.8360017462282167,0.8859331756979631,0.014824922947974878,0.015033110431619227,0.016272416534984176,0.051919018191856674,0.013263112202465654,0.07275186316760725,-0.10436505120599614,-0.0027414386722192825,0.28037895650767614,-0.3225695171994412,0.008959818911003059,0.0008438726589105268,0.0028300751114923098,0.013664498108548457,-0.0002950013363517661,-0.0019362133853486532,0.008507426123575053,0.03568769796678178,0.003059529381194069,0.004337715907063956,-0.049810337433458675,0.014185223418718076,0.005685033001484181,-0.020265441733851388,0.02782960487948874,-0.018231350444694993,0.05229111162728569,-0.05018389929474487,0.04334191414136948,0.12018781795852018,0.058921596275653215,0.10936259499517166,0.07201545987265179,0.11482835355180737,0.12017888661858689,-0.02920351155083494,0.045815410955321746,0.5205437991018798,0.3384817510545105,0.33843878568216823,0.337658413045771,0.3390515222692184,0.09555581627457065,0.002682001943203748,0.03511787762170966
비유동자산,0.989935412338314,1.0,0.978170719417688,0.9240606745803481,0.8409622511023227,0.8990423307507799,0.9652760193678739,0.690406033589201,0.859799479957792,0.2977571277533028,0.8938464365378961,0.9731104414939261,0.9770240100163736,0.8042338341059443,0.9458765913812548,0.8366640005472166,0.9353314438736741,0.8684098902633437,0.8365724827753234,0.6956580212895682,0.9157816346666919,0.7718128053731044,0.8174710538830086,-0.0014457499687517178,0.8655279207627115,0.8568256363007521,0.8438951429979008,0.6981341762643186,0.8816617455714246,-0.9203522122889896,0.05686210463168446,0.6156693432087101,0.7999813808447662,0.8904528521780153,0.03486797746358313,0.015110353161495378,0.016823684109273544,0.05125312256080788,0.009441763577102795,0.07698795490471867,-0.11076932577835243,-0.0011064368470939808,0.2996450531128673,-0.33668577460917776,0.007980758046566618,-0.0015265389529169132,0.0023788002013499124,0.012268554100815255,3.743113795143005e-05,-0.0020172163064150284,0.00718503591480138,0.03031730705913116,0.0019180334531598352,0.003648368722075603,-0.06367491871699053,0.007295718160707639,0.005291840329618452,-0.025941508589249804,0.031114815690291463,-0.018522320645005027,0.051264840432330705,-0.04964425131225254,0.05047402080337548,0.1199665865242244,0.059872006556414274,0.1071331387614074,0.07471239782449465,0.11436137738354084,0.11865700753677116,-0.03281573760683597,0.05284683100734026,0.4981076226066983,0.33610026748367194,0.3360025076368072,0.33524041988139663,0.33661163460854093,0.09081215597935206,0.0020814372214763978,0.0280516457795718
유형자산,0.974362193384657,0.978170719417688,1.0,0.9199354735061815,0.8572165028944885,0.9089099225452583,0.9339495984583668,0.7219093803125524,0.8372968335049699,0.309437888159099,0.8617682746621385,0.9708011501468046,0.9732578812691801,0.8121948695121383,0.9461369631381709,0.8515798751038864,0.9411754662813842,0.8856305882908503,0.7988428235710935,0.657246022742684,0.9082713830535412,0.7883838202750105,0.8320913029854863,-0.0012132995497011467,0.8463295549695075,0.8337261913227425,0.8240612097099653,0.7291145229999586,0.867484218011778,-0.9112849910219857,0.06909854303907774,0.6192496979054839,0.8051070707986386,0.9025008445267734,0.002412154873539138,0.01213394004758205,0.013892728663107146,0.057036819532226904,0.015224627270945841,0.08213187979819081,-0.11366370022769992,-0.0005365829592973347,0.21051345474402988,-0.25109801597121023,0.008185936847574014,-0.0021562297100428795,0.0027979272687709304,0.013352231124247722,7.861679421028587e-05,-0.0020532901734119174,0.002668243958191402,0.034219963471485204,0.002842376510090394,-0.0017395562488720028,-0.049887965080073524,0.015898979141632314,0.008681155538594835,-0.028818679645829185,0.0052589538208355265,-0.019461101527435007,0.051492573004751296,-0.048872704170681236,0.025854301971376024,0.11622697562266533,0.05536098572676773,0.1057564418472531,0.06612004789781675,0.11115069780893543,0.1163240666001162,-0.034611767580030414,0.02811695355648486,0.4830689244271655,0.31973941859154087,0.31967501767837103,0.31893457312042284,0.32024772791837963,0.09166742174537842,0.000528040173945998,0.025060596234327936
유동자산,0.9608402618449506,0.9240606745803481,0.9199354735061815,1.0,0.9457616751284607,0.9385772583599451,0.9380566325759389,0.6803711379313157,0.8273139322849556,0.23094229747858727,0.8515727741600003,0.9485367725272027,0.9079966083120252,0.7832991523154964,0.9734622651240851,0.907176837555065,0.9759029487808354,0.9464594193092082,0.7967432778430926,0.5999527396332569,0.9196598840393484,0.8206303045618049,0.8477414404940787,-0.0017990909857925064,0.874510396133184,0.8596614048149246,0.84974197025012,0.6891643862138618,0.829287582529037,-0.8838510609230473,0.10128051323824468,0.6548849443981218,0.8493272764375022,0.8290706981182937,-0.014537837961163544,0.01579343974620122,0.016178437040057954,0.05281949097544142,0.02147422136532802,0.06634987226873797,-0.0911307776421876,-0.0060595487681885255,0.25687670816491703,-0.3018764932336532,0.011132357451197549,0.006317985361678239,0.003662914108924249,0.01616588701713988,-0.0006214115043752872,-0.0016010193882560568,0.012288728461118661,0.04422766695438643,0.005036348836206452,0.0077380307611853525,-0.02161971120187111,0.02825447412639772,0.007375124054514461,-0.00939451286724998,0.026988058372908717,-0.015672434905445162,0.05476426407363178,-0.052709198593917525,0.03655966418404773,0.12331457492578231,0.059200933669984135,0.11557606169114773,0.06937023894217606,0.11828929951488203,0.12524573628841437,-0.022102898238100036,0.03929308956635387,0.5369243815141495,0.34348607866773667,0.3435200719613199,0.34274200941413857,0.34410189665197144,0.09580321283577697,0.0036618943936911506,0.04552012514125794
재고자산,0.8878568354596839,0.8409622511023227,0.8572165028944885,0.9457616751284607,1.0,0.8735713674133592,0.8731685158757886,0.6544349784861059,0.7648003915046199,0.22032271937049028,0.7771726502215474,0.8765096991967971,0.8209061017347465,0.7727024253342735,0.9122584058584051,0.9037629688431802,0.9279693037708393,0.9394566335580563,0.6741575914990852,0.4610095398911009,0.8475997367946826,0.7784533967320031,0.7903168679159368,-0.002013232484923035,0.8088913573186868,0.7816314853019838,0.7881597088166911,0.662113857588476,0.7258907671017366,-0.7939997924730595,0.11146308403692298,0.6375396486482664,0.8440319899676045,0.7472519204161161,-0.06911824981429684,0.013665199710464768,0.01390651685743032,0.04779784514087631,0.020758304409393653,0.05809091011464299,-0.0847159129712642,-0.006378658383223161,0.15006951323676151,-0.21873190690744437,0.009903556502993712,0.005245228542113764,0.0035583424953577855,0.02302355283240588,8.952785171889176e-05,-0.0008526200798271078,0.015556621057072157,0.0423817856684074,0.005794392163252755,0.010562762927028327,-0.00671934023790537,0.03266894407224342,0.010028346301500488,-0.002743584610919418,0.001754791525746844,-0.02362835031649354,0.05815332841186044,-0.052186626327114655,0.01737096907848011,0.11777869118502263,0.0597595074560421,0.11750848510090886,0.0629643514382143,0.11520039331805607,0.12119766048929914,-0.00912416207726771,0.020403515654959344,0.5158933227485464,0.31633888466629156,0.31642787079065865,0.31564605913765365,0.3170171924308292,0.08512910346980336,0.005596713315609171,0.03835140953382508
매출채권,0.9208042482765588,0.8990423307507799,0.9089099225452583,0.9385772583599451,0.8735713674133592,1.0,0.8713811658156108,0.6762393865391375,0.7673388576004061,0.27446498612669984,0.7878468281191583,0.925997180064117,0.9010327227970485,0.734403433999205,0.9267687394872677,0.8800951114600323,0.9400873967733825,0.9062335213809011,0.7278912040182183,0.5593985530499348,0.8831301051072423,0.8088720553907117,0.8515924574897044,-0.0018742686936364763,0.8159356879757214,0.7967876306400478,0.7960974278050506,0.6836007378314277,0.8279617917434263,-0.8538545556308016,0.04047610739649113,0.5865716471900217,0.7861813541814099,0.8716060235219663,-0.03291610612859201,0.01332995736375265,0.013794666561075022,0.06616602170995727,0.03129856861270981,0.080194310490529,-0.11155806523571342,-0.003747805280916414,0.20763433928420966,-0.252848372423883,0.011408550323964598,0.0025125827461161404,0.003988189615681281,0.01839057525944804,-0.0005624549565624333,-0.0017957050005783265,0.011079156474243903,0.041980545067681486,0.007276241194483097,0.004947699918867262,0.00041726613433538403,0.044741461828519916,0.013167709023435668,-0.009945154544354283,-0.016258245848635264,-0.02700906084310522,0.06596545074925665,-0.05785768627078419,0.005382316710698171,0.12884626019059858,0.06201567484255986,0.12059078078793785,0.08001053098610461,0.12209419504957383,0.1299625870534998,-0.0267266081058102,0.008249759545124281,0.5015210847177156,0.30377183431520727,0.30376824284468373,0.3030552469215103,0.304317040513006,0.09020991910901335,0.002143971820462923,0.033533284513314374
자본,0.9743286607742571,0.9652760193678739,0.9339495984583668,0.9380566325759389,0.8731685158757886,0.8713811658156108,1.0,0.6828994707094193,0.8757205117971395,0.2644995437630042,0.9340834731717073,0.9288793417490975,0.9176223930195715,0.8007344964513068,0.9271014651996624,0.805452353070353,0.925350514882117,0.8607719694880834,0.8399314640372949,0.6810508246702414,0.9362533197794897,0.7787244394444821,0.8084001751118323,-0.001187306498734617,0.9163694474701296,0.8975502171800824,0.8946676237567524,0.6924251951810182,0.8865975646230417,-0.9210378187609609,0.03882821286013762,0.6361509917442458,0.7967195775302975,0.816356064850971,0.04392270656927071,0.02249023996160709,0.02369629217149365,0.03032008611900707,-0.004168577505869866,0.05387502867923963,-0.08857588071139934,-0.005871704524837776,0.3413133991831364,-0.37864723070027345,0.010550941736075545,0.010102860095747356,0.004082781110562706,0.012475658846307634,-0.00019690145752756247,-0.0006990683224072496,0.009063965521406524,0.031211633381279563,0.001488165261307463,0.01065045961175569,-0.06339453882120173,-0.00417125531148543,0.002050914896726913,-0.020323712260379004,0.038080174517439905,0.002454456280665491,0.045768327389610175,-0.05608148791550268,0.05274809330625969,0.1253929870139625,0.06328595915254481,0.1143890969889308,0.077873988992464,0.12121555763211071,0.12483114563225657,-0.027457337169764576,0.055409704360802114,0.5349921774555905,0.37908807067893663,0.37905845850895614,0.37826929970216244,0.3796909304971956,0.09198879330288791,0.004447102217927286,0.038622942473783506
자본금,0.7059434473354615,0.690406033589201,0.7219093803125524,0.6803711379313157,0.6544349784861059,0.6762393865391375,0.6828994707094193,1.0,0.6307656824939581,0.15386266521451694,0.6596437571527772,0.7045290485752909,0.6919537543378937,0.5609884875457725,0.6980694606616688,0.607171650888735,0.6804292955444814,0.6223821077998807,0.6289621691027655,0.4418318566016107,0.7199902140871803,0.6981717880581607,0.7014122662590314,-0.0013917473264296063,0.6823076400928928,0.659857381195891,0.6645281413394769,0.9875688462089001,0.6390135208504046,-0.6789203972989416,0.03438015364808583,0.6158464608370551,0.6354130242620124,0.6625107082625794,0.015514294638619459,0.021732988429860725,0.015271364210161311,0.04915005587514695,0.02117720647989382,0.06506846185315608,-0.09483238764773957,0.002495142743020873,-0.031245302044383347,0.02254475875805371,0.006001182168299831,0.008057737212360843,0.001545202274661972,-0.014732232659272168,-0.0006848318927647615,-0.003509113269103986,-0.029748530312387313,-0.010648156055778974,-0.01352306276097805,-0.021283403359880042,-0.04534752281965937,0.010974879906084768,0.008631471964941644,-0.018842388101676016,-0.006660623290713332,0.002560115777963525,0.05461457527035739,-0.06334794934965735,-0.00040240371037284623,0.08774972378280879,0.04062841672651521,0.06361335897064986,0.04780686235820689,0.08310149714612254,0.08625088609337876,-0.03131784395785329,0.000906354436238431,0.3763752354402051,0.16182435091351605,0.16189837588188416,0.16128871545884668,0.16240978520021687,0.12238336572928106,-0.0004390511055273043,0.02341414355713329
자본잉여금,0.8644505783945368,0.859799479957792,0.8372968335049699,0.8273139322849556,0.7648003915046199,0.7673388576004061,0.8757205117971395,0.6307656824939581,1.0,0.25561291805901165,0.7646375164189714,0.8276741931375241,0.8110940954013021,0.7034481385744698,0.8396535167527269,0.7386748824403986,0.8225055265811367,0.7664826623044375,0.7659446195912986,0.6112007725355227,0.8429170899538271,0.7373073865780025,0.7663787678632016,0.0009609709751507281,0.8070652229438275,0.8039579170135808,0.7857572317053962,0.6353770923102752,0.7778000803778301,-0.8188456737711262,0.08091177440307173,0.6137560742495434,0.6981542331856345,0.7325797706811418,0.052126061812411126,0.011323918488074075,0.01710369402330542,0.03688105015433153,0.005068883647263814,0.058484404415647125,-0.09518560396699044,-0.0008840747298556069,0.30521327100565576,-0.2792838449169042,0.006666402239233122,-0.0010183971999429187,0.0012587762295640395,0.020936277492835876,0.002111489106247524,-0.0012275890697412814,0.021108104484263222,0.03656635269394418,0.0004627759511576549,0.021472008125963286,-0.0803111734711665,-0.005735739588424405,0.021852753868476123,-0.005302109988904686,0.019734046804434257,-0.01075922396310789,0.03714649882511797,-0.039025026163017285,0.030139361904900585,0.08637955097375759,0.042456545666593924,0.08935168076209594,0.046648450237610786,0.0835961267239082,0.08734178853703031,-0.03313070956276817,0.03187057210315219,0.4840438551020209,0.3167832381356497,0.3167915001758763,0.3164646948594673,0.3169566895587724,0.09945373751994704,0.010623156752860918,0.04677551793957496
기타포괄손익누계액,0.2667939742917107,0.2977571277533028,0.309437888159099,0.23094229747858727,0.22032271937049028,0.27446498612669984,0.2644995437630042,0.15386266521451694,0.25561291805901165,1.0,0.2289343755577818,0.24806127012823434,0.2756537227615685,0.20410067642689145,0.22332086865223952,0.22615478674995818,0.2264507648646902,0.21444011299018195,0.19091158434056044,0.2142626096933193,0.2109163527055663,0.23098993259534997,0.2036987159182292,-0.0013467987410016723,0.1957577270946839,0.16993282289465408,0.19843456164185116,0.15822628368295266,0.2046844702672257,-0.24641512351036157,0.10901036404174018,0.1539177578013285,0.13173055071828307,0.2203704181268383,0.013886969662398378,0.005512922295970062,0.0056784806820507835,0.014711252861676452,-0.005355025475356615,0.03290601360947581,-0.05023522594472425,-0.002062329911768714,0.15239073173078152,-0.16217883070595343,0.0026524006007468347,-0.00404755878517446,0.0009662486853996016,-0.009044817848838874,-0.0022758856730856654,0.00237567374237553,0.007635387331885363,-0.0029555267344976597,-0.0003307195634077493,0.009969587030211224,-0.050618560487742575,-0.01020063578893233,0.0006737743414175262,-0.016882235744298098,-0.01084546723562012,-0.01869897432896269,0.02569423603957122,-0.01983234071711631,-0.008807122625737837,0.06306477476608711,0.03373373334215804,0.045831015295529104,0.04190753009802396,0.06281674374492033,0.06575986749771327,-0.003190303635300374,-0.007422721313416602,0.10786122739875037,0.31225930467260654,0.3118472997844079,0.3119419119561286,0.3119524734351987,0.037662756930413564,0.008626174076744347,-0.012668599749740375
이익잉여금,0.8950682680817268,0.8938464365378961,0.8617682746621385,0.8515727741600003,0.7771726502215474,0.7878468281191583,0.9340834731717073,0.6596437571527772,0.7646375164189714,0.2289343755577818,1.0,0.8412351873749698,0.8456692941412602,0.6756448982235185,0.8288535448734922,0.6934950338535045,0.8359653307534606,0.7476391453096166,0.8226792686550055,0.6863058333976199,0.881895953611261,0.6724457957573281,0.7048794030280014,-0.001102950801782372,0.8734120568251243,0.8487692390880945,0.8636193311052969,0.6713386426170497,0.8412943286525241,-0.8559675637143053,-0.03041511332007583,0.6292414705734486,0.7045776599748178,0.738740622620622,0.07383427004290254,0.029525973032521406,0.03961700289919334,0.02158630379981967,-0.011510247124679011,0.04677155011238828,-0.07540771705837937,-0.007935502259989157,0.36657110781796937,-0.3104870910259562,0.014095763201332968,0.02350886703432117,0.005399787725633524,-0.006573996356679823,-0.001862171122893734,1.7698799135011818e-06,-0.012344886737488375,0.006549140298026842,-0.006496568356442164,-0.009057630005515682,-0.05818594162723608,-0.007662276746995828,-0.004763007237543651,-0.023389571581585306,0.04325176249031255,0.020953983524861584,0.04139938038706936,-0.0627269841547128,0.05788604870278232,0.1463808523126128,0.07494276249181167,0.11422402739906158,0.09960069965228015,0.14075670386150002,0.14245246599117664,-0.01816438008774134,0.06094827210080835,0.5319962587813176,0.39774025118566425,0.39759559665089383,0.3966110189174097,0.39842550697887225,0.07936891635542054,0.0026019899197515244,0.04657821975817511
부채,0.9864387067823392,0.9731104414939261,0.9708011501468046,0.9485367725272027,0.8765096991967971,0.925997180064117,0.9288793417490975,0.7045290485752909,0.8276741931375241,0.24806127012823434,0.8412351873749698,1.0,0.974515522333247,0.8146195535480957,0.9767817133737101,0.8925246344429401,0.9656360708050847,0.9263397506979328,0.7995510495064859,0.62764897862908,0.9056800219860847,0.806905568328804,0.8514134242618125,-0.0018033424876040894,0.8438128253747992,0.834371223036054,0.8196853345191153,0.7125057498710934,0.8545863643566881,-0.909777106352658,0.09014320412130147,0.6586166994345032,0.8540677862691047,0.9059276027238916,-0.010539682234839193,0.0088817443054066,0.010173832614362336,0.06350161789096805,0.02389612886136736,0.0810992373495054,-0.11091325730599305,-0.0004903016755679112,0.22120929720652885,-0.2695443584382111,0.007529005026538594,-0.005676461356156841,0.0018363589800874036,0.014443896736861332,-0.0004243407397965424,-0.0026400742908220115,0.007220830947129122,0.038566046899396196,0.004735402861637084,-0.0003968738349653618,-0.03753665773309808,0.024798080458133816,0.0077529641959423416,-0.01936178859737416,0.01597609750667459,-0.032254661168236734,0.0545016053449105,-0.043707117391048565,0.030487169711009555,0.1106651911473857,0.05265540118476139,0.101501702998136,0.06387618195484128,0.10546548573473168,0.11166638573338439,-0.02921345319024029,0.03271959697032474,0.5092625613579316,0.30094079229406806,0.300902943152713,0.3001127212642721,0.30151556711831073,0.09843144308796468,0.0018615400524004413,0.03547619123767459
비유동부채,0.9698359365199541,0.9770240100163736,0.9732578812691801,0.9079966083120252,0.8209061017347465,0.9010327227970485,0.9176223930195715,0.6919537543378937,0.8110940954013021,0.2756537227615685,0.8456692941412602,0.974515522333247,1.0,0.8227224712742889,0.9343604409017516,0.8300913873537478,0.9243078283586944,0.8612627091259065,0.8048123392135212,0.6640360248342517,0.8838613077119268,0.7645579212659376,0.8151514088291144,-0.0018734980825085346,0.8213985824044922,0.8120920060555324,0.7992506322490515,0.6995265041588467,0.8495248141792825,-0.8963979632493023,0.08409177355801296,0.5796638441300839,0.803083914684519,0.9222273452686955,0.017591733047096138,0.00915152314219145,0.010203548361404469,0.06259018007219136,0.01597274030311762,0.09433344940972473,-0.10727720898011915,0.002074831918125987,0.24878081868790683,-0.28675910824218565,0.0064844371460116975,-0.007712261694991686,0.0006818378586111327,0.01293731219410561,-0.0008124162449023667,-0.0022041997299743566,0.005859597316260421,0.035673523583184555,0.004887039597798,-0.0028565341447986474,-0.05567905047303462,0.015744263922348525,0.009164118313704311,-0.022975705306487453,0.016443712723172084,-0.031995436316374026,0.0519887775889436,-0.04147732581191048,0.034933407675666966,0.11203138398752016,0.05482555553363441,0.10110744936867931,0.06825947517184149,0.10711087540188331,0.1125397022993177,-0.03112836360111072,0.037153290617369314,0.4702698369831622,0.2879100742805705,0.2877709407412624,0.28703500551981875,0.28835804789078445,0.09407441026296269,0.0010732358073986172,0.025322450103555588
장기차입금,0.817661066156253,0.8042338341059443,0.8121948695121383,0.7832991523154964,0.7727024253342735,0.734403433999205,0.8007344964513068,0.5609884875457725,0.7034481385744698,0.20410067642689145,0.6756448982235185,0.8146195535480957,0.8227224712742889,1.0,0.8072973652969353,0.7503914441852322,0.7916675922944527,0.7839758734902018,0.5891380188941506,0.4111753594371578,0.7435935060834663,0.650186966209324,0.6910879560072695,-0.002246656894224034,0.6969749771589602,0.6880823274411945,0.6777273100930294,0.5636848174047635,0.6642088655329852,-0.7477614332819635,0.19306065918931994,0.3977273922665763,0.7966950228992644,0.7531805690598742,-0.038960745862505496,0.009273770191260524,0.008989259112400476,0.052666969634257335,0.013563522831268788,0.0860224210982217,-0.10793377120317425,0.003772890010130359,0.20917815738545387,-0.2888040085911628,0.00849047243917909,-0.006711831279080687,0.002883392919212348,0.032628811586137646,-0.00028704894606296064,0.0004032927594742398,0.03346593035453364,0.057107243730328765,0.015374497315331276,0.017700537603891703,-0.04718263001209987,0.0046053560165707705,0.01749112798861532,-0.024267629846253556,0.008761254639825536,-0.042469362981866064,0.051467824251253444,-0.03486942204137206,0.023856368929246096,0.0955930956046121,0.05303865064446284,0.10508315759134941,0.0446615567877443,0.09728629566114964,0.10210813187572704,-0.01961581278933696,0.026257996096948264,0.24733612659434978,0.22188159290805776,0.22194310960113597,0.22151916954522885,0.22219534641508373,0.03121774524978427,-0.0031831472370593902,-0.01960638026040959
유동부채,0.9711879386669114,0.9458765913812548,0.9461369631381709,0.9734622651240851,0.9122584058584051,0.9267687394872677,0.9271014651996624,0.6980694606616688,0.8396535167527269,0.22332086865223952,0.8288535448734922,0.9767817133737101,0.9343604409017516,0.8072973652969353,1.0,0.9295543160801236,0.978901471508454,0.942158724282802,0.8231659543420357,0.637226460200037,0.9115834654399193,0.8339317036418394,0.8661661605217365,-0.0018274286774673262,0.8581743173380527,0.8496819699674711,0.8327323631586615,0.7052363771095767,0.835887595043996,-0.893903904002287,0.10532752735345058,0.6748783288400604,0.8700482895385976,0.8698591569385851,-0.015884704698214604,0.010440171125625673,0.011784431636955275,0.06453626140275952,0.034042664811734555,0.07439526913123297,-0.1221146422763041,-0.002524030134169058,0.22915411797770419,-0.2791125964932091,0.00960701616266838,-0.0027129343594536515,0.0028670072902002835,0.01780200474907718,0.00025673556466173286,-0.0023455682469642526,0.012381866428713976,0.044163998090093276,0.005045762651253263,0.00399593166360891,-0.02111629624618806,0.033391482779094456,0.009041170250204266,-0.016834364922028475,0.0220801934000408,-0.033079287266109036,0.060423129765084516,-0.049124603056179855,0.035718550018843685,0.11525009301095766,0.05477914792696554,0.1083994950412709,0.06408514672857955,0.10899594953426953,0.11734589391433019,-0.028330992956813395,0.03812088135966325,0.5243329933359182,0.3204293967388336,0.32042506249985675,0.3196607243698806,0.3209899951495276,0.09971608278437724,0.0019842898851633872,0.03983619675867893
단기차입금,0.8700884278733491,0.8366640005472166,0.8515798751038864,0.907176837555065,0.9037629688431802,0.8800951114600323,0.805452353070353,0.607171650888735,0.7386748824403986,0.22615478674995818,0.6934950338535045,0.8925246344429401,0.8300913873537478,0.7503914441852322,0.9295543160801236,1.0,0.9215548233794373,0.9317705431282591,0.6818171537699694,0.4736952052125873,0.8120091141301969,0.7855367952621887,0.8116882096864247,-0.00256669516680689,0.7431692690646159,0.7276874158521469,0.7216714513311249,0.6122080740394905,0.6903861506207369,-0.7844704875104818,0.184221006284634,0.6318581533015253,0.864892382810037,0.8008601353734094,-0.06744428824434359,0.007412012352244101,0.009512501753231907,0.07076922614654237,0.04474593546384249,0.07341454116378095,-0.1257609711390867,-0.0013458821047129255,0.15595660981355683,-0.22008134947806732,0.00970996043521027,-0.006820106462484606,0.002607012089605828,0.0186026823915585,0.0007925551906238612,-0.002281420637733422,0.01970853727901646,0.03974644964342347,0.002957928807923011,0.004694992078488395,-0.003153057278085192,0.04229727271431409,0.010343576997509357,-0.02233631300755122,0.006673489947651818,-0.04900307792411702,0.062316691808610124,-0.042132144058983044,0.009782527169174797,0.11178217713546328,0.05862781594040082,0.10773010380260009,0.05867253130906842,0.10774994998606148,0.1187260418710968,-0.01546990135669656,0.012466736481127316,0.48676876980346,0.27863048694600534,0.27874372174028905,0.2780282578010061,0.27924586483171876,0.08919389928456696,0.003977494862764261,0.03498448575178141
매출액,0.9644388286122364,0.9353314438736741,0.9411754662813842,0.9759029487808354,0.9279693037708393,0.9400873967733825,0.925350514882117,0.6804292955444814,0.8225055265811367,0.2264507648646902,0.8359653307534606,0.9656360708050847,0.9243078283586944,0.7916675922944527,0.978901471508454,0.9215548233794373,1.0,0.9735446537670975,0.7974257700237444,0.6131216529908602,0.9249503373748074,0.8385518602894494,0.8682556953284501,-0.0012056487584863936,0.872288142058286,0.8571496204092022,0.8483769132467841,0.6893585144244965,0.8446079890053844,-0.8950607863056509,0.08171560137742151,0.6705610844858044,0.8654472296457557,0.8589201750540701,-0.035271452376918214,0.009703603107741855,0.011380018449261094,0.053059585900887205,0.02040094996681108,0.06646053473262793,-0.1078864701126777,-0.005830496788640439,0.22230857467278978,-0.26976357474990637,0.011741084331688486,0.004075936467260162,0.0036239589745326976,0.016537237057335365,-0.00015042766648197875,-0.0020654768293922265,0.003201689854950937,0.031972771284776304,0.0026847229636583407,0.001476100511795853,0.019366816188414,0.04347936286427359,0.00836676943178515,-0.015133785727081319,0.009840825833096456,-0.019712738823220045,0.056157884028170124,-0.05237997525125703,0.02513896070722305,0.12306291143840899,0.05910063695439077,0.11393016532191487,0.06894371394344063,0.1164331373197734,0.12280277783093996,-0.02766597612914684,0.02776326456103238,0.5277119583327028,0.32982235491768025,0.32983641690577786,0.32904133998854596,0.33044784807449024,0.10293823519539837,0.0017408922806624201,0.040876905571462556
매출원가,0.9112285833734456,0.8684098902633437,0.8856305882908503,0.9464594193092082,0.9394566335580563,0.9062335213809011,0.8607719694880834,0.6223821077998807,0.7664826623044375,0.21444011299018195,0.7476391453096166,0.9263397506979328,0.8612627091259065,0.7839758734902018,0.942158724282802,0.9317705431282591,0.9735446537670975,1.0,0.6665521302231854,0.47307537182996284,0.8568994342632096,0.8094985821587117,0.8322262285586002,-0.0013451269230919714,0.7989390237506504,0.7817529826367963,0.776187748326429,0.6303252938710743,0.7512064456515223,-0.823476222243405,0.11658390514606724,0.6580254411194387,0.8774947577088064,0.8016619593190791,-0.10825384535077126,0.003888667228378546,0.007806018872331272,0.05301446227206367,0.0230288971263086,0.06104200917049735,-0.09900584547092672,-0.0063495802108443685,0.15199075677409024,-0.22021424969388934,0.010143040589530626,0.00024008507980635224,0.0026600913942948622,0.019160468926251856,-0.0003345673531721955,-0.0023176951912234666,0.005546685466802365,0.03509786020031421,0.005006285145815698,0.0039338093408142795,0.037149010226891224,0.05053899330580568,0.009286713532286274,-0.011967741037137991,0.003135174045563891,-0.028265088449472422,0.05537662834662313,-0.04631204486860213,0.01479354099790535,0.11013079920404989,0.0534564917937605,0.10678676545145753,0.058373100867190005,0.1055734389738936,0.11145231926907921,-0.01968306769763736,0.017335960675691195,0.5191985311178059,0.30482249137159484,0.30493701059948464,0.30412781125296706,0.30555987348119573,0.10405275818414592,0.002892991079033314,0.039940455472806405
판매비와관리비,0.8291038239220029,0.8365724827753234,0.7988428235710935,0.7967432778430926,0.6741575914990852,0.7278912040182183,0.8399314640372949,0.6289621691027655,0.7659446195912986,0.19091158434056044,0.8226792686550055,0.7995510495064859,0.8048123392135212,0.5891380188941506,0.8231659543420357,0.6818171537699694,0.7974257700237444,0.6665521302231854,1.0,0.8496086616240601,0.8278594405689891,0.7006514369084766,0.7223054461284645,-0.00024361024704707546,0.8164606332416103,0.815876829330447,0.7927963667512351,0.6374833249590385,0.8070317935475133,-0.8202980149496396,0.01490685386363757,0.6772842322892025,0.6766161961093033,0.7057474106951823,0.18644213235057308,0.019012520657622798,0.01588173019637734,0.036390277738116,0.008414555282756713,0.05815473027687689,-0.1047748842225994,-0.003876865383575238,0.3594386040470051,-0.34840979852637105,0.010979899685951798,0.009053346498132386,0.004472543834596226,-0.002597160994080651,0.0004839893917490637,-0.00021539212722120624,-0.011119656241706568,0.003614207491539386,-0.006060522186781388,-0.012522956817130473,-0.0401033274359946,0.00843239963531235,0.004627575339302382,-0.020554971173679427,0.03832750153105146,0.000657324029786393,0.0444199704427111,-0.05204120951184304,0.06115529905778921,0.12154926788795198,0.05678425635173564,0.09471988835788903,0.0770001143857168,0.11548482840249935,0.11805858453350884,-0.03912111625540187,0.06312251095402718,0.5199049187085616,0.3617744739150362,0.361628656434742,0.36093137324947566,0.36215000443385054,0.08437227624684933,0.0040140356384565845,0.0656528042152233
감가상각비,0.6633355593997525,0.6956580212895682,0.657246022742684,0.5999527396332569,0.4610095398911009,0.5593985530499348,0.6810508246702414,0.4418318566016107,0.6112007725355227,0.2142626096933193,0.6863058333976199,0.62764897862908,0.6640360248342517,0.4111753594371578,0.637226460200037,0.4736952052125873,0.6131216529908602,0.47307537182996284,0.8496086616240601,1.0,0.6621919268238886,0.52776853480285,0.5457482319644346,-0.001457601792174319,0.656663808281631,0.6692349266092995,0.6360435410059321,0.44871863553877483,0.6969274765335371,-0.65969644652377,-0.08933432363620612,0.49813600440424016,0.4335848690420566,0.5936974270007708,0.2032930311759007,0.016636801419179843,0.013994605554684028,0.036861000775956575,0.008910043589400358,0.06376359353754102,-0.10598472441461709,-0.0010993785031511365,0.3543171167735173,-0.3291831881801956,0.008984002926057768,0.005729651414612151,0.0034388041226877143,-0.007887727341078314,-0.00120869229011065,-0.0003089267412185672,-0.012017900640470675,0.0011560625732491784,-0.008806534056245856,-0.010792000621449353,-0.042256478076261705,0.0061498124604557666,0.006649170305793082,-0.022166042887425786,0.04928770829172645,0.001310741130149168,0.04163166786808933,-0.04854563363882766,0.06550888174395994,0.10860558458895396,0.05127143985022929,0.08023908855855033,0.07978320581888229,0.10276864895989597,0.1030907556697219,-0.03831284968834144,0.06714601338553287,0.47061755772723507,0.32073531759553897,0.3205493274267919,0.3196355173428922,0.321307673080913,0.07682125226093371,0.0021585319713893912,0.05316086749039275
영업이익,0.9342342735838471,0.9157816346666919,0.9082713830535412,0.9196598840393484,0.8475997367946826,0.8831301051072423,0.9362533197794897,0.7199902140871803,0.8429170899538271,0.2109163527055663,0.881895953611261,0.9056800219860847,0.8838613077119268,0.7435935060834663,0.9115834654399193,0.8120091141301969,0.9249503373748074,0.8568994342632096,0.8278594405689891,0.6621919268238886,1.0,0.8131054162813173,0.8487397084834596,-9.00580145160384e-05,0.9620761026275397,0.9473907714860718,0.9356370690977968,0.7303625063829983,0.9036538928455589,-0.9087819290531769,0.0006473649356635586,0.6205484872812069,0.7766981857395209,0.8397935170328644,0.060387380309847125,0.04114105983806795,0.028231423289592945,0.04015318312681162,0.006855537516296512,0.06035205510742269,-0.09368736950126352,-0.00566191850194079,0.28895983441055423,-0.308051955843656,0.019984590505996203,0.033934950213154076,0.009440744896700354,0.015128062174088165,0.0017989696118481107,-0.0006648237160586535,0.004463727291233693,0.025778785562701374,-0.004499330124101067,0.010405877558446235,-0.026084450094921018,0.017073481692900943,0.00020609082780360957,-0.01929680181907763,0.019068693039608516,0.02887782692791266,0.0418191003244742,-0.06385267497839474,0.03018000772104786,0.13506659355814485,0.06314437624506224,0.11731334330397239,0.07536078403650079,0.12126946486425184,0.12626039716560825,-0.031356041708678895,0.03292787794323527,0.5130542949722003,0.35323571204618825,0.353220084178794,0.35259304685701776,0.3536519134123522,0.0998994434187813,1.8764762969598777e-05,0.05309088553871363
영업외수익,0.8074286067338897,0.7718128053731044,0.7883838202750105,0.8206303045618049,0.7784533967320031,0.8088720553907117,0.7787244394444821,0.6981717880581607,0.7373073865780025,0.23098993259534997,0.6724457957573281,0.806905568328804,0.7645579212659376,0.650186966209324,0.8339317036418394,0.7855367952621887,0.8385518602894494,0.8094985821587117,0.7006514369084766,0.52776853480285,0.8131054162813173,1.0,0.9390484237932039,-0.0014646649680176147,0.7947753521779649,0.7703376340333703,0.7751184815123466,0.7025850036931959,0.7272129553548585,-0.7686779836260307,0.05777954789114313,0.655381182652232,0.7324029985063799,0.7249455369205825,-0.027816795722379023,0.01003608036332528,0.014960295918593797,0.044400719151658496,0.018960761807025137,0.056734534511550354,-0.09397853057414236,-0.0017324359906609487,0.1484767965612943,-0.20601236870915765,0.010053752401550887,0.017341283412741885,0.005182237352327863,0.021325883855406354,0.0008451214200618615,0.0003653619806112273,0.021368209315927107,0.05116980004823722,0.010549436248682348,0.01463672400799835,0.003348931531370603,0.02021683438468167,0.006877678912952117,-0.019520762094437635,-0.0021869769006631415,-0.019617713926231094,0.05038971525016948,-0.04582753649333576,0.0029118719286475464,0.0908210156020671,0.04334956955959922,0.09372258138480472,0.04538893691467961,0.08981942735687105,0.09601153695617301,-0.0074023918045099816,0.005263354138862644,0.4986591313193456,0.27515096496683955,0.2752299520845755,0.27458958914582354,0.27570901484263555,0.12766741491394232,0.00158703667072245,0.04186282552362813
영업외비용,0.8465707692817555,0.8174710538830086,0.8320913029854863,0.8477414404940787,0.7903168679159368,0.8515924574897044,0.8084001751118323,0.7014122662590314,0.7663787678632016,0.2036987159182292,0.7048794030280014,0.8514134242618125,0.8151514088291144,0.6910879560072695,0.8661661605217365,0.8116882096864247,0.8682556953284501,0.8322262285586002,0.7223054461284645,0.5457482319644346,0.8487397084834596,0.9390484237932039,1.0,-0.0017668393524975829,0.7744265602913166,0.7729730661753621,0.7487811154429795,0.7062642541893882,0.779533426714606,-0.7985642422810908,0.022292012413304033,0.6198244074378401,0.7491856711042236,0.8017032543120762,-0.019264175311638786,0.010337874508823954,0.004346223946893441,0.053506094153917244,0.022963919261516207,0.0689730775798715,-0.10096883772791666,0.0020635523300009907,0.15707067698735214,-0.2112349607485717,0.009766311751059121,-0.012949738955717207,0.0015990060772800407,0.012966331275835038,0.0001207541852568637,-0.0033454093737127722,0.006743023079855471,0.031429964255898946,0.006034499159700614,-0.005283633486663016,-0.00519198954547119,0.0014484712420347744,0.012659308804574616,-0.019780536572035993,-0.0008401842152765115,-0.02207721920014128,0.05055628197382662,-0.04590066966720237,0.009374719889032624,0.09073620368522493,0.042990256433202964,0.08456892090150901,0.048048599218594924,0.08752030487141431,0.09479568642237547,-0.04258053312332075,0.010854756403339553,0.4681318839932185,0.2622467828450829,0.262339168190206,0.2617346106298132,0.26279123559360784,0.12159576953142534,-0.0011350954837649073,0.03770900141881818
이자보상배율,-0.001589464876236385,-0.0014457499687517178,-0.0012132995497011467,-0.0017990909857925064,-0.002013232484923035,-0.0018742686936364763,-0.001187306498734617,-0.0013917473264296063,0.0009609709751507281,-0.0013467987410016723,-0.001102950801782372,-0.0018033424876040894,-0.0018734980825085346,-0.002246656894224034,-0.0018274286774673262,-0.00256669516680689,-0.0012056487584863936,-0.0013451269230919714,-0.00024361024704707546,-0.001457601792174319,-9.00580145160384e-05,-0.0014646649680176147,-0.0017668393524975829,1.0,0.00029604813214940083,0.0005812359794783933,0.00011073699121111612,-0.0011308040363320225,0.0006849735028369488,0.0009825068006418265,-0.0038207981413921734,0.008060063060235023,-0.0017969838708574762,-0.0023693952031744975,0.006270224928769972,0.0023464214602737705,0.0014707110276571413,-0.0023155925023485608,-0.00255353590417543,-0.0016019250246035552,-0.003755544487158979,-0.0013988689792282765,0.00037647198032361435,0.0006089357056741144,0.0013485752855706607,0.005267403497892686,0.00038427333723083877,0.0008036249775397714,-0.00017444772081061496,-6.409801265895972e-05,-0.0025736921593711992,7.903494033648246e-05,-0.001157243232591882,-0.004048272281233105,0.004504290915331002,-0.0008568329899656293,-0.00015433834493669042,-0.0013418924277872992,-0.0006809324029364921,0.020271712335818745,-0.0018107557389000785,-0.008936701531802288,-0.0005017386708634126,-0.011390481156573713,-0.007341349493748857,-0.009640536370013358,-0.00737840836909146,-0.011317938658178428,-0.011417135470904484,-0.010266721825311409,-0.001006779148168118,-7.537573615049348e-05,-0.0002807516235300462,-0.0002822563707332536,-0.0002914148475344402,-0.00027848964391475,-0.0024677388244593334,-7.891619327387019e-05,0.007521249064560196
법인세비용차감전손익,0.8874159797064245,0.8655279207627115,0.8463295549695075,0.874510396133184,0.8088913573186868,0.8159356879757214,0.9163694474701296,0.6823076400928928,0.8070652229438275,0.1957577270946839,0.8734120568251243,0.8438128253747992,0.8213985824044922,0.6969749771589602,0.8581743173380527,0.7431692690646159,0.872288142058286,0.7989390237506504,0.8164606332416103,0.656663808281631,0.9620761026275397,0.7947753521779649,0.7744265602913166,0.00029604813214940083,1.0,0.9572505510263243,0.9792745980916353,0.6935023989223345,0.8751477127932731,-0.8782711906616294,-0.003751144939224442,0.6262661772031041,0.7310872280136225,0.7469435584962894,0.07478988005168168,0.043933130841550046,0.03842972973560568,0.02113220851110856,-0.006275113247086258,0.03984743663042266,-0.0808436542778069,-0.009298538309092394,0.3238559598925273,-0.3381257604002186,0.023531237528471083,0.057919682587620265,0.012425031631202151,0.024699826703226145,0.0022020188093167807,0.0031122375358840484,0.020021341061788888,0.04572718063840819,0.0015600080396481332,0.03220559379487882,-0.024930695492914823,0.014767598174239694,-0.004216125216890899,-0.016508631504121553,0.028268904027241908,0.039308808008162194,0.0369029226892256,-0.06354208493654867,0.030715235588723185,0.13396644320815992,0.06242891185481411,0.12467562824839497,0.08207845717633844,0.12121958267325829,0.12361436545531947,-0.008007514228750357,0.03408408259170361,0.5249082270588861,0.3655074430516941,0.36544490185895895,0.36479662887634257,0.36590564826330174,0.09475373198221211,0.0015099596549066551,0.05728008052718622
법인세비용,0.875307531993779,0.8568256363007521,0.8337261913227425,0.8596614048149246,0.7816314853019838,0.7967876306400478,0.8975502171800824,0.659857381195891,0.8039579170135808,0.16993282289465408,0.8487692390880945,0.834371223036054,0.8120920060555324,0.6880823274411945,0.8496819699674711,0.7276874158521469,0.8571496204092022,0.7817529826367963,0.815876829330447,0.6692349266092995,0.9473907714860718,0.7703376340333703,0.7729730661753621,0.0005812359794783933,0.9572505510263243,1.0,0.9208001907845349,0.6684852208282915,0.8557826094884197,-0.8499005307945848,-0.015835772054130202,0.5722685079923255,0.7066656714885471,0.7428636239387824,0.08155544020746962,0.03611083120321149,0.02638325188747785,0.025395710177352312,-0.002325627646251972,0.043518346143931914,-0.08372041657196186,-0.007098204506450548,0.3325878073560339,-0.34437737022914916,0.01937107187616952,0.036306994957777734,0.009153195471986744,0.02211302896286002,0.0007977220778545371,0.001551798827874806,0.012202357198004474,0.037614568838235926,-0.0028131409602102325,0.019594935971944394,-0.027434467477977523,0.010241610065676468,-0.0022087400003159745,-0.016420186664137547,0.03698365785088923,0.031630950415833615,0.03974517991608465,-0.06289436650209736,0.03951604775874632,0.13413468735556822,0.06188555573671734,0.1210293513895727,0.08713282378830291,0.12144972795333908,0.1224902938139918,-0.025432820789106667,0.0424678675231627,0.4534372195608271,0.3696244071073858,0.36956043572389613,0.3689163339379564,0.3700221921237041,0.06034843885246595,-0.002125791675219022,0.04577901163531811
당기순이익,0.8639689844011754,0.8438951429979008,0.8240612097099653,0.84974197025012,0.7881597088166911,0.7960974278050506,0.8946676237567524,0.6645281413394769,0.7857572317053962,0.19843456164185116,0.8636193311052969,0.8196853345191153,0.7992506322490515,0.6777273100930294,0.8327323631586615,0.7216714513311249,0.8483769132467841,0.776187748326429,0.7927963667512351,0.6360435410059321,0.9356370690977968,0.7751184815123466,0.7487811154429795,0.00011073699121111612,0.9792745980916353,0.9208001907845349,1.0,0.6768200507336226,0.8551032143966695,-0.8608503142357357,-0.005645830731821771,0.6188095589717079,0.7117476191311685,0.7229587609928725,0.07701599008475733,0.04570018861148899,0.0914689770585361,0.01827349879235722,-0.008732753988449261,0.037529258992940906,-0.07783699694285318,-0.009833870738968412,0.32658524030732117,-0.3309764330664687,0.029921823545446244,0.08318531478141863,0.01306034309350961,0.01793023145751298,0.0019785782797120594,0.006065246758551859,0.02294438150013874,0.039642962989927186,0.0016045991160357998,0.03999268403918495,-0.029984110952878475,0.012274179341695392,-0.004938891890760329,-0.01676143303871711,0.024933907553023348,0.0477569510094674,0.03177838192286217,-0.06448259712707274,0.027251909347884976,0.136881775515325,0.06934479075166224,0.1189045454187938,0.09369113186927226,0.12530354368511518,0.12042954668393425,0.023609601131704603,0.03128340408804605,0.5204145950117006,0.36198065309108796,0.36176871170832503,0.36114590216854786,0.36220201781968214,0.09820976155136621,0.0013560520055591523,0.06014552875965622
기초자본금,0.7144877703037406,0.6981341762643186,0.7291145229999586,0.6891643862138618,0.662113857588476,0.6836007378314277,0.6924251951810182,0.9875688462089001,0.6353770923102752,0.15822628368295266,0.6713386426170497,0.7125057498710934,0.6995265041588467,0.5636848174047635,0.7052363771095767,0.6122080740394905,0.6893585144244965,0.6303252938710743,0.6374833249590385,0.44871863553877483,0.7303625063829983,0.7025850036931959,0.7062642541893882,-0.0011308040363320225,0.6935023989223345,0.6684852208282915,0.6768200507336226,1.0,0.6496490875229536,-0.6884166379191603,0.02952809097738423,0.6217133236029301,0.6416872305072905,0.6660166209681948,0.021172427310721595,0.02244104364739265,0.016351939872674696,0.04747259399790446,0.019519499133029413,0.06326874186766825,-0.08905921446957199,0.0006720457735460157,-0.02380659076453506,0.016671812083474596,0.010537952532441207,0.007238843059081371,0.0029018613923144465,-0.015719037811556067,-0.0008991211815247858,-0.0034224148020783225,-0.029868461931059912,-0.01142411923163091,-0.01388942727968009,-0.02345450575389759,-0.045952816572873395,0.01201303218235495,0.008041362878239387,-0.01906114323255421,-0.005819604798715054,0.0041655524136045416,0.05309582276899058,-0.06298438084272961,3.0608750522579586e-05,0.09794529485116683,0.04647065348188414,0.07031550985380948,0.055807729883602455,0.09269491658683784,0.09613571781568521,-0.033095535444343835,0.0015349820856402437,0.3814482437110003,0.16734735381700308,0.1674157493259079,0.16679371793035,0.16793477357751962,0.11697119575784969,0.00016342857828931045,0.023188092655553067
영업활동으로 인한 현금흐름,0.8824810996125132,0.8816617455714246,0.867484218011778,0.829287582529037,0.7258907671017366,0.8279617917434263,0.8865975646230417,0.6390135208504046,0.7778000803778301,0.2046844702672257,0.8412943286525241,0.8545863643566881,0.8495248141792825,0.6642088655329852,0.835887595043996,0.6903861506207369,0.8446079890053844,0.7512064456515223,0.8070317935475133,0.6969274765335371,0.9036538928455589,0.7272129553548585,0.779533426714606,0.0006849735028369488,0.8751477127932731,0.8557826094884197,0.8551032143966695,0.6496490875229536,1.0,-0.8888795654618513,-0.17181862885044263,0.5737065995834632,0.63533755812047,0.8122499955082737,0.074327516393948,0.025892316235728272,0.02137446012337285,0.031170947774610318,-0.000863265835497817,0.050760961390689134,-0.08862218295944194,-0.0029318788862749386,0.2973545763444463,-0.3170640220885362,0.013692852610057748,0.018387270525584535,0.005096702162081964,0.009869247893355072,-0.0011995150869525612,-0.0015678929765066607,-8.20517716772844e-06,0.026478470404578475,0.00205039235815363,0.005553728591109882,-0.04025217534844302,0.0022597302385522077,0.004243541907317126,-0.02477592173858698,0.010665380021893786,0.0471552742931531,0.029369662211999527,-0.05876156149264717,0.02109991940009694,0.11369526492922775,0.051948547602286184,0.10036306283534129,0.07245633151959277,0.10761348269847036,0.10961583627512585,-0.07111787787897052,0.022543509215940862,0.5064099710344501,0.321420243072342,0.3212637536153088,0.32061134456161655,0.3217804191210409,0.09519148905942812,0.0002468611651401366,0.04885671238551498
투자활동으로 인한 현금흐름,-0.9293670294760896,-0.9203522122889896,-0.9112849910219857,-0.8838510609230473,-0.7939997924730595,-0.8538545556308016,-0.9210378187609609,-0.6789203972989416,-0.8188456737711262,-0.24641512351036157,-0.8559675637143053,-0.909777106352658,-0.8963979632493023,-0.7477614332819635,-0.893903904002287,-0.7844704875104818,-0.8950607863056509,-0.823476222243405,-0.8202980149496396,-0.65969644652377,-0.9087819290531769,-0.7686779836260307,-0.7985642422810908,0.0009825068006418265,-0.8782711906616294,-0.8499005307945848,-0.8608503142357357,-0.6884166379191603,-0.8888795654618513,1.0,-0.17859357374402576,-0.6439754330953783,-0.7680241072538323,-0.8186110788682681,-0.0495034583372824,-0.015739733795332424,-0.013920446922131943,-0.04241769208813899,-0.00722479790276766,-0.06333664433783175,0.0914283716967388,0.0019967518696654,-0.28285283676521916,0.3047419520293833,-0.009386395992998967,-0.0067213469245512485,-0.0022687742171630214,-0.01418964998115124,-0.0007773633732593456,0.002377977434905612,-0.029878469894284974,-0.038669294319057024,-0.00626133774091115,-0.014763694437155849,0.047224373574579495,-0.008259221582134522,-0.003969481718621771,0.015368487710573479,-0.02729322831039978,-0.004523565972606113,0.003056723509069213,0.01933697151723723,-0.015506831275792422,-0.09635357877132697,-0.05226720732893323,-0.08983791634370775,-0.05229417143727378,-0.09214880023913234,-0.10154642551133661,0.04191518645563188,-0.01721637740283921,-0.5309892064966195,-0.33890448747542046,-0.3388738179376494,-0.33837424174507835,-0.3391817475345856,-0.10316176639051075,-0.003588736902330876,-0.06045770223643324
재무활동으로 인한 현금흐름,0.0751901784954776,0.05686210463168446,0.06909854303907774,0.10128051323824468,0.11146308403692298,0.04047610739649113,0.03882821286013762,0.03438015364808583,0.08091177440307173,0.10901036404174018,-0.03041511332007583,0.09014320412130147,0.08409177355801296,0.19306065918931994,0.10532752735345058,0.184221006284634,0.08171560137742151,0.11658390514606724,0.01490685386363757,-0.08933432363620612,0.0006473649356635586,0.05777954789114313,0.022292012413304033,-0.0038207981413921734,-0.003751144939224442,-0.015835772054130202,-0.005645830731821771,0.02952809097738423,-0.17181862885044263,-0.17859357374402576,1.0,0.03218910522555425,0.20732717788576302,0.008356616748506485,-0.03668421953105573,-0.02041863031106791,-0.015980878151646935,0.028333100555149163,0.020336441557390797,0.034909663324240205,-0.010930106232582093,0.002132206287157745,0.002029576379953219,-0.017308106964542085,-0.005975856193032743,-0.019838762910566913,-0.003005017132169124,0.009622077655151355,0.0032127305038941005,-0.002651760977791189,0.08899831326423459,0.053712468031241564,0.006871595385365588,0.03067111666685118,-0.015373683668906984,0.01385544673559001,-0.0008159483292251255,0.03194352933552536,0.028191442382561927,-0.08290858179620966,-0.06159855191588157,0.11492470809003397,0.012115221787397943,-0.03899590222195307,-0.002144309949729176,-0.02346555990459472,-0.06192380086735613,-0.036534881298288656,-0.01132714544223381,0.051154258886817836,0.01227719258774982,-0.11524665944879767,0.018930547769601264,0.019203165888551678,0.020061693555374023,0.018230998870067777,-0.005918686282688767,0.004094981908329218,-0.0008979267126759881
종업원,0.6485872502737333,0.6156693432087101,0.6192496979054839,0.6548849443981218,0.6375396486482664,0.5865716471900217,0.6361509917442458,0.6158464608370551,0.6137560742495434,0.1539177578013285,0.6292414705734486,0.6586166994345032,0.5796638441300839,0.3977273922665763,0.6748783288400604,0.6318581533015253,0.6705610844858044,0.6580254411194387,0.6772842322892025,0.49813600440424016,0.6205484872812069,0.655381182652232,0.6198244074378401,0.008060063060235023,0.6262661772031041,0.5722685079923255,0.6188095589717079,0.6217133236029301,0.5737065995834632,-0.6439754330953783,0.03218910522555425,1.0,0.6787886202320028,0.4705359761874337,-0.014502545902356149,0.008494725339551935,0.008914513496302854,0.02591860532704108,0.007484402549788463,0.030801480144184535,-0.06811070672064255,-0.005331126132421025,0.04194919569751503,-0.03606980300280834,0.007080960798602782,0.00627400119151548,-0.0002585836637224534,-0.01301071535449331,-0.0017559622294479728,-0.001505373310543487,-0.0178342019125409,-0.01111064914269416,-0.007846226399323615,-0.015202309791974705,-0.010581473587370958,0.010822366407061308,-0.0006455837465114058,-0.014557885757937006,-0.0012433382848331157,-0.007144315837553717,0.029488662152898693,-0.031683619697495814,0.00875476122211255,0.06472288786134411,0.029036758113254905,0.044627952459687835,0.03344191383688139,0.06254814506174405,0.06477542172461136,-0.018208379609105846,0.00972993759295085,0.7440969046833998,0.32827103849586975,0.3283789977982087,0.32719423203461934,0.3293914858425729,0.14924708254845093,0.015831908749551062,0.1266221442633549
총차입금(원),0.8360017462282167,0.7999813808447662,0.8051070707986386,0.8493272764375022,0.8440319899676045,0.7861813541814099,0.7967195775302975,0.6354130242620124,0.6981542331856345,0.13173055071828307,0.7045776599748178,0.8540677862691047,0.803083914684519,0.7966950228992644,0.8700482895385976,0.864892382810037,0.8654472296457557,0.8774947577088064,0.6766161961093033,0.4335848690420566,0.7766981857395209,0.7324029985063799,0.7491856711042236,-0.0017969838708574762,0.7310872280136225,0.7066656714885471,0.7117476191311685,0.6416872305072905,0.63533755812047,-0.7680241072538323,0.20732717788576302,0.6787886202320028,1.0,0.7230853914388566,-0.057309793957412536,0.004686721655664392,0.0064538315058627685,0.04731998790204547,0.02047166120597651,0.057655764563012725,-0.08953999305395828,-0.0012836156061466467,0.11565430334132465,-0.17852758228399224,0.006516811479251829,-0.005621235855438778,0.0020401167526855135,0.006244662985813055,-0.0004085233051766503,-0.0018302227283763118,-0.00029192752067894694,0.01656739840942049,-0.00025004151794741635,-0.006763923565591501,-0.01990011568918181,0.019447343055504433,0.00642701826991189,-0.0180593589819406,0.0011423459390366652,-0.036896820779119786,0.04373014448258489,-0.030045480243716328,0.0073956435419431634,0.08943709338013271,0.043127425548931626,0.07644519882990523,0.03514348695969351,0.0827902931840304,0.08910486880397571,-0.01234203805808065,0.00931617268812025,0.4756223723772143,0.24497489773457176,0.24507332854384378,0.2443167813420474,0.2456772875449668,0.09574939560969535,0.004087889597078375,0.04008332623386141
이자비용,0.8859331756979631,0.8904528521780153,0.9025008445267734,0.8290706981182937,0.7472519204161161,0.8716060235219663,0.816356064850971,0.6625107082625794,0.7325797706811418,0.2203704181268383,0.738740622620622,0.9059276027238916,0.9222273452686955,0.7531805690598742,0.8698591569385851,0.8008601353734094,0.8589201750540701,0.8016619593190791,0.7057474106951823,0.5936974270007708,0.8397935170328644,0.7249455369205825,0.8017032543120762,-0.0023693952031744975,0.7469435584962894,0.7428636239387824,0.7229587609928725,0.6660166209681948,0.8122499955082737,-0.8186110788682681,0.008356616748506485,0.4705359761874337,0.7230853914388566,1.0,0.00595617401157071,0.009863788486897802,0.007204948226352639,0.07117404034260413,0.02898724082457497,0.09546667456388651,-0.11874434242659034,0.09991797452919451,0.1972822102470148,-0.24345305862401947,0.006864952101977804,-0.010043070601684684,-0.00019398937300659056,0.00997205860273668,-0.004950663566994328,-0.004130420947454524,-0.003087295420563277,0.022938271229919528,0.001019539990698428,-0.0068373103278239165,-0.03756034290677044,0.026719305989689312,0.010933963716291578,-0.02051240724567927,-0.0003710453918142362,-0.03340994401997152,0.05759718256070021,-0.04622199019560266,0.016879826019321555,0.10929917432769312,0.05337419207576288,0.09370568100294265,0.06708643413825106,0.10198076545483283,0.10508817774782253,-0.03816561123990631,0.018855751042548215,0.4324937769505706,0.24126115180562113,0.2412410049753041,0.24054827758685945,0.24177414857703877,0.09425478215467956,-0.0011699911018253528,0.01718655041820869
매출총이익률,0.014824922947974878,0.03486797746358313,0.002412154873539138,-0.014537837961163544,-0.06911824981429684,-0.03291610612859201,0.04392270656927071,0.015514294638619459,0.052126061812411126,0.013886969662398378,0.07383427004290254,-0.010539682234839193,0.017591733047096138,-0.038960745862505496,-0.015884704698214604,-0.06744428824434359,-0.035271452376918214,-0.10825384535077126,0.18644213235057308,0.2032930311759007,0.060387380309847125,-0.027816795722379023,-0.019264175311638786,0.006270224928769972,0.07478988005168168,0.08155544020746962,0.07701599008475733,0.021172427310721595,0.074327516393948,-0.0495034583372824,-0.03668421953105573,-0.014502545902356149,-0.057309793957412536,0.00595617401157071,1.0,0.055819704184126163,0.025834317147298974,-0.05521451855278947,-0.08017185934629527,-0.006332883841863728,0.17899309456966733,0.024640855999021084,0.19911712894935782,-0.14389969603853003,0.04413698238015108,0.08783449084949668,0.02853160103581901,-0.004996670496071134,0.009348527661154179,0.001139833382828805,0.013185188811998193,-0.0016592758614148407,-0.0009531713131737183,0.018351072367367924,-0.3440091329501697,-0.1753942109586735,-0.0009257541945277804,-0.03564319753874711,0.06788951369672758,0.1793349023073027,-0.1434229747658244,0.06147850360445046,0.01905386640509883,-0.01689999332821631,-0.03749858061775801,-0.03488225515041663,-0.00019535903422703233,-0.025110269752180295,-0.043473388063294774,-0.0024140502634656647,0.017994601049061098,0.010726127361592857,0.10156996480798164,0.10142463971256975,0.10175521928927277,0.1011008637989965,-0.02202485796552729,0.01664177180912016,0.16558372724303208
영업이익률,0.015033110431619227,0.015110353161495378,0.01213394004758205,0.01579343974620122,0.013665199710464768,0.01332995736375265,0.02249023996160709,0.021732988429860725,0.011323918488074075,0.005512922295970062,0.029525973032521406,0.0088817443054066,0.00915152314219145,0.009273770191260524,0.010440171125625673,0.007412012352244101,0.009703603107741855,0.003888667228378546,0.019012520657622798,0.016636801419179843,0.04114105983806795,0.01003608036332528,0.010337874508823954,0.0023464214602737705,0.043933130841550046,0.03611083120321149,0.04570018861148899,0.02244104364739265,0.025892316235728272,-0.015739733795332424,-0.02041863031106791,0.008494725339551935,0.004686721655664392,0.009863788486897802,0.055819704184126163,1.0,0.7348083167022131,-0.018111545418606937,-0.014727753051912262,-0.021243968754337317,-0.11342923892570712,-0.16243058967670884,0.036668381959894164,-0.028232796354020505,0.12365440446046823,0.3319062101806488,0.0664853055608558,0.028815095835708647,0.005390298306621423,0.0026852115255843185,0.05323077990996414,0.039978542540911315,0.009433947645625667,0.05879448207068827,0.06569218057964676,0.012271815925596941,-0.0004879544650165269,0.0007631237986682834,-0.21131163904511824,0.29687293481656607,0.07911961168642198,-0.2426150056843124,0.003491436213046346,0.10250442832188066,0.05964453609383037,0.08580538815838001,0.06376102444891645,0.0896682480575108,0.09158654214839188,0.1355575813553739,0.00888472878200802,0.008378811707665643,0.022547119215891642,0.022521300322790625,0.022312400111347663,0.022624777833231125,-0.0538621049883196,0.015292496332015739,-0.22065212691515787
순이익률,0.016272416534984176,0.016823684109273544,0.013892728663107146,0.016178437040057954,0.01390651685743032,0.013794666561075022,0.02369629217149365,0.015271364210161311,0.01710369402330542,0.0056784806820507835,0.03961700289919334,0.010173832614362336,0.010203548361404469,0.008989259112400476,0.011784431636955275,0.009512501753231907,0.011380018449261094,0.007806018872331272,0.01588173019637734,0.013994605554684028,0.028231423289592945,0.014960295918593797,0.004346223946893441,0.0014707110276571413,0.03842972973560568,0.02638325188747785,0.0914689770585361,0.016351939872674696,0.02137446012337285,-0.013920446922131943,-0.015980878151646935,0.008914513496302854,0.0064538315058627685,0.007204948226352639,0.025834317147298974,0.7348083167022131,1.0,-0.043365934706533736,-0.04357079207613515,-0.037715560078681806,-0.040660685050416354,-0.15108438453378933,0.05231887234310429,-0.03161217184323767,0.19718746496978182,0.5684496724449907,0.16099770716262807,0.007362567810937066,0.0031297193391689143,0.009825718766092907,0.03889801693453223,0.02417626485096,0.007564950995261788,0.05711881791319619,0.06929487565709255,0.009998539934689247,-1.8095105213601837e-05,-0.0015634264064865934,-0.14938930122148056,0.2452184896995932,0.07103917054698236,-0.21130893166696652,0.0067849777077642085,0.1103127182503264,0.06859911885836786,0.07270664156764664,0.07360708653232749,0.10488366528996498,0.085061423712473,0.44525385534696527,0.018227495698110243,0.00888706860724501,0.029723526844685343,0.029660006774036175,0.029511591003151573,0.02974085052931998,-0.054249608797360044,0.013505057277671033,-0.20543134915993813
부채비율,0.051919018191856674,0.05125312256080788,0.057036819532226904,0.05281949097544142,0.04779784514087631,0.06616602170995727,0.03032008611900707,0.04915005587514695,0.03688105015433153,0.014711252861676452,0.02158630379981967,0.06350161789096805,0.06259018007219136,0.052666969634257335,0.06453626140275952,0.07076922614654237,0.053059585900887205,0.05301446227206367,0.036390277738116,0.036861000775956575,0.04015318312681162,0.044400719151658496,0.053506094153917244,-0.0023155925023485608,0.02113220851110856,0.025395710177352312,0.01827349879235722,0.04747259399790446,0.031170947774610318,-0.04241769208813899,0.028333100555149163,0.02591860532704108,0.04731998790204547,0.07117404034260413,-0.05521451855278947,-0.018111545418606937,-0.043365934706533736,1.0,0.9681384180675024,0.9216232143469779,-0.15014280292855706,0.015459645161826735,-0.025069525799475967,0.01732999587821361,-0.10085648471231377,-0.0978042914220992,-0.005076092086683916,0.028350126896202,-0.0014916615010378861,-0.0020064803490405887,0.06377219468622077,0.04710320202118062,0.014187697467979233,-0.013251440207258137,0.0434611140713457,0.7620302071942315,0.008143511944956498,0.0109414400814894,0.0024686973153651196,-0.11014959453310792,0.06391595287463699,-0.010890236747708594,-0.0005972130940293786,0.023747143257312996,0.014698380799199214,0.03145165940342373,0.0035160441214999436,0.025574999376680153,0.053901073774610724,-0.049564245641536886,-0.0009302066378449121,0.013463958715051525,-0.0026326427207887175,-0.0026700988729202626,-0.0026723191863332546,-0.0027011985683925576,0.007457663138299574,-0.0022842315410432088,0.42806345181926453
유동부채비율,0.013263112202465654,0.009441763577102795,0.015224627270945841,0.02147422136532802,0.020758304409393653,0.03129856861270981,-0.004168577505869866,0.02117720647989382,0.005068883647263814,-0.005355025475356615,-0.011510247124679011,0.02389612886136736,0.01597274030311762,0.013563522831268788,0.034042664811734555,0.04474593546384249,0.02040094996681108,0.0230288971263086,0.008414555282756713,0.008910043589400358,0.006855537516296512,0.018960761807025137,0.022963919261516207,-0.00255353590417543,-0.006275113247086258,-0.002325627646251972,-0.008732753988449261,0.019519499133029413,-0.000863265835497817,-0.00722479790276766,0.020336441557390797,0.007484402549788463,0.02047166120597651,0.02898724082457497,-0.08017185934629527,-0.014727753051912262,-0.04357079207613515,0.9681384180675024,1.0,0.7960173277588669,-0.18467564513576587,0.013144946880807735,-0.04249834358021029,0.033358609396145524,-0.19089505171164237,-0.10624319735388012,-0.0028332106555748996,0.03222567893168937,-0.00011363659108936926,-0.002772975628081725,0.05904246376374454,0.04811829837752611,0.012641081607422675,-0.012686332413813624,0.09347930350896058,0.7788034545472996,0.006295187828666455,0.02618964221584072,0.0027219510747190237,-0.11952107497447714,0.07598084998012375,-0.018295154838597654,-0.000870444650216174,0.020952688070514102,0.009297459152215276,0.032174502188333065,0.001071859457494751,0.021892585471138978,0.052402544314923,-0.05589609900498648,-0.001391167928660892,-0.0006795090232538273,-0.022552423536637112,-0.022605964055914033,-0.022598936788819787,-0.022641672229924095,0.0033479659492155088,-0.004440402111242777,0.43776478574824335
비유동부채비율,0.07275186316760725,0.07698795490471867,0.08213187979819081,0.06634987226873797,0.05809091011464299,0.080194310490529,0.05387502867923963,0.06506846185315608,0.058484404415647125,0.03290601360947581,0.04677155011238828,0.0810992373495054,0.09433344940972473,0.0860224210982217,0.07439526913123297,0.07341454116378095,0.06646053473262793,0.06104200917049735,0.05815473027687689,0.06376359353754102,0.06035205510742269,0.056734534511550354,0.0689730775798715,-0.0016019250246035552,0.03984743663042266,0.043518346143931914,0.037529258992940906,0.06326874186766825,0.050760961390689134,-0.06333664433783175,0.034909663324240205,0.030801480144184535,0.057655764563012725,0.09546667456388651,-0.006332883841863728,-0.021243968754337317,-0.037715560078681806,0.9216232143469779,0.7960173277588669,1.0,-0.07458949354641915,0.017131847445542567,0.003006382067063439,-0.0057808956838810155,0.05260039313429157,-0.07237431303943079,-0.008046831422743907,0.018689777503448173,-0.0034103097186736356,-0.00032062955740696104,0.06355913442808571,0.03910437889713869,0.014862127568394463,-0.01202920049952397,-0.038901178290184274,0.6389445021243105,0.01006691861279242,-0.01377351477160477,0.0020350822880287685,-0.08043580168991578,0.03501635170863511,0.0035182472269793623,-3.815452531272399e-06,0.02233922870836381,0.020158354824370305,0.024202908753229505,0.005305945399864584,0.02544754365836508,0.04686105479192303,-0.033250398225441534,-6.103009034914869e-05,0.020124845057258322,0.022507655589490173,0.02249635088505075,0.022505866656104323,0.022455201962180014,0.01038351036744848,0.0012744773091130817,0.3585789614601215
유동비율,-0.10436505120599614,-0.11076932577835243,-0.11366370022769992,-0.0911307776421876,-0.0847159129712642,-0.11155806523571342,-0.08857588071139934,-0.09483238764773957,-0.09518560396699044,-0.05023522594472425,-0.07540771705837937,-0.11091325730599305,-0.10727720898011915,-0.10793377120317425,-0.1221146422763041,-0.1257609711390867,-0.1078864701126777,-0.09900584547092672,-0.1047748842225994,-0.10598472441461709,-0.09368736950126352,-0.09397853057414236,-0.10096883772791666,-0.003755544487158979,-0.0808436542778069,-0.08372041657196186,-0.07783699694285318,-0.08905921446957199,-0.08862218295944194,0.0914283716967388,-0.010930106232582093,-0.06811070672064255,-0.08953999305395828,-0.11874434242659034,0.17899309456966733,-0.11342923892570712,-0.040660685050416354,-0.15014280292855706,-0.18467564513576587,-0.07458949354641915,1.0,-0.013452696422099179,0.008011820939448465,0.003945490366557021,0.014815986695229107,0.06184725609391611,0.0074985393057242465,-0.059183634992284635,-0.007910932423048262,-0.004644092925243075,-0.07539606816496447,-0.04637378079338795,-0.010380002781720632,-0.03559747253898119,-0.21199731690690193,-0.17879541991643713,-0.009622242982263081,0.005864982481006979,0.02432308858180404,0.22588274979864467,-0.4040504916760676,0.33856857101097115,-0.008009715315311399,-0.16336872000450775,-0.10033487813565346,-0.15488965412964267,-0.09950653438580552,-0.15133764521937926,-0.18870856379594578,0.07730570920425389,-0.010961724319445684,-0.03757668072140545,-0.053203717737617076,-0.05309199275115886,-0.052879989249129504,-0.05322348374555895,0.0030088082497217177,0.006637426564951512,0.06403864384962432
금융비용부담률,-0.0027414386722192825,-0.0011064368470939808,-0.0005365829592973347,-0.0060595487681885255,-0.006378658383223161,-0.003747805280916414,-0.005871704524837776,0.002495142743020873,-0.0008840747298556069,-0.002062329911768714,-0.007935502259989157,-0.0004903016755679112,0.002074831918125987,0.003772890010130359,-0.002524030134169058,-0.0013458821047129255,-0.005830496788640439,-0.0063495802108443685,-0.003876865383575238,-0.0010993785031511365,-0.00566191850194079,-0.0017324359906609487,0.0020635523300009907,-0.0013988689792282765,-0.009298538309092394,-0.007098204506450548,-0.009833870738968412,0.0006720457735460157,-0.0029318788862749386,0.0019967518696654,0.002132206287157745,-0.005331126132421025,-0.0012836156061466467,0.09991797452919451,0.024640855999021084,-0.16243058967670884,-0.15108438453378933,0.015459645161826735,0.013144946880807735,0.017131847445542567,-0.013452696422099179,1.0,-0.015515429445548236,0.012250196199106203,-0.027256763821833754,-0.07977710638512284,-0.015436909737854297,-0.00510389862794873,-0.007437219634058473,-0.00029311801618513205,-0.0047088123541650356,-0.004053184267542756,-0.0008709763704633285,-0.0014988283236335924,-0.03952956643867078,-0.006893662872011494,-0.0003957824309943992,-0.001729107141137813,0.06342148028569003,-0.059748305933865126,0.002302357166413561,0.028748663626024844,-0.0013222814381180904,-0.031022047333366897,-0.018665445141302993,-0.026790915148871386,-0.01871685730766852,-0.03037156722354067,-0.03144147960911339,-0.0438334326622215,-0.003001631587754412,-0.003101660383589655,-0.01001312501026401,-0.010009080622753418,-0.009959157164951944,-0.010045547607730344,0.007937799088702286,-0.0069749673521260925,0.05004073687212453
자본유보율,0.28037895650767614,0.2996450531128673,0.21051345474402988,0.25687670816491703,0.15006951323676151,0.20763433928420966,0.3413133991831364,-0.031245302044383347,0.30521327100565576,0.15239073173078152,0.36657110781796937,0.22120929720652885,0.24878081868790683,0.20917815738545387,0.22915411797770419,0.15595660981355683,0.22230857467278978,0.15199075677409024,0.3594386040470051,0.3543171167735173,0.28895983441055423,0.1484767965612943,0.15707067698735214,0.00037647198032361435,0.3238559598925273,0.3325878073560339,0.32658524030732117,-0.02380659076453506,0.2973545763444463,-0.28285283676521916,0.002029576379953219,0.04194919569751503,0.11565430334132465,0.1972822102470148,0.19911712894935782,0.036668381959894164,0.05231887234310429,-0.025069525799475967,-0.04249834358021029,0.003006382067063439,0.008011820939448465,-0.015515429445548236,1.0,-0.8604162123168213,0.020257307110710797,0.054408731967226065,0.008718363975601148,0.04081369443740681,0.0038937146864742324,0.005025421770046394,0.05359291187224221,0.06779887885469972,0.017538728623590523,0.042258218626049907,-0.08596573813676363,-0.048898203243099986,-0.003865467956704227,-0.0159300677234852,0.07868510572636275,0.06637119235113467,-0.007667020398375181,-0.03803942448790078,0.07269523754524239,0.0998107340761848,0.05670712690254966,0.1090186507342887,0.09100932596688723,0.09600424255195826,0.09867064328702752,0.010395466993941284,0.07591691494755115,0.1052045856778279,0.39954305217786207,0.39924521201883134,0.3991572691302475,0.39933484803447206,-0.033197068909516236,0.012081079512408352,0.006955378433344231
자본잠식률,-0.3225695171994412,-0.33668577460917776,-0.25109801597121023,-0.3018764932336532,-0.21873190690744437,-0.252848372423883,-0.37864723070027345,0.02254475875805371,-0.2792838449169042,-0.16217883070595343,-0.3104870910259562,-0.2695443584382111,-0.28675910824218565,-0.2888040085911628,-0.2791125964932091,-0.22008134947806732,-0.26976357474990637,-0.22021424969388934,-0.34840979852637105,-0.3291831881801956,-0.308051955843656,-0.20601236870915765,-0.2112349607485717,0.0006089357056741144,-0.3381257604002186,-0.34437737022914916,-0.3309764330664687,0.016671812083474596,-0.3170640220885362,0.3047419520293833,-0.017308106964542085,-0.03606980300280834,-0.17852758228399224,-0.24345305862401947,-0.14389969603853003,-0.028232796354020505,-0.03161217184323767,0.01732999587821361,0.033358609396145524,-0.0057808956838810155,0.003945490366557021,0.012250196199106203,-0.8604162123168213,1.0,-0.014478776545764642,-0.034998438516781416,-0.006868938522285332,-0.06236526242654817,-0.003815042123660261,-0.007648027031241579,-0.07039270682170644,-0.09748584299670231,-0.029822579701074207,-0.05657308904325516,0.07362465507420775,0.03898861346960756,0.0031219112141415927,0.014619675146293174,-0.07469172353852575,-0.04181218611130384,-0.0013486009024533015,0.031190652940467852,-0.07417347108043947,-0.07242773019588913,-0.041003445331635496,-0.10709066358330803,-0.06084154594974763,-0.06952603666342606,-0.07411644748604697,-0.0011775031577613707,-0.07687439374837768,-0.09514609453716781,-0.3373289920385463,-0.3371437338792773,-0.3371244089788883,-0.3372158878582409,0.01937754192039279,-0.009105475800598187,0.011022983175544239
ROE,0.008959818911003059,0.007980758046566618,0.008185936847574014,0.011132357451197549,0.009903556502993712,0.011408550323964598,0.010550941736075545,0.006001182168299831,0.006666402239233122,0.0026524006007468347,0.014095763201332968,0.007529005026538594,0.0064844371460116975,0.00849047243917909,0.00960701616266838,0.00970996043521027,0.011741084331688486,0.010143040589530626,0.010979899685951798,0.008984002926057768,0.019984590505996203,0.010053752401550887,0.009766311751059121,0.0013485752855706607,0.023531237528471083,0.01937107187616952,0.029921823545446244,0.010537952532441207,0.013692852610057748,-0.009386395992998967,-0.005975856193032743,0.007080960798602782,0.006516811479251829,0.006864952101977804,0.04413698238015108,0.12365440446046823,0.19718746496978182,-0.10085648471231377,-0.19089505171164237,0.05260039313429157,0.014815986695229107,-0.027256763821833754,0.020257307110710797,-0.014478776545764642,1.0,0.32751246547758095,0.01096390848294733,0.019815247327599973,0.0022166755463262915,0.00643551750037144,0.030675897320741594,0.025929660639510205,0.005922273936864313,0.053048888619139326,0.04607287470982558,-0.12977991084339272,-9.190040274425258e-05,0.0010756509897256502,-0.011938643246592884,0.09561845115798642,0.03257541877747488,-0.0640266054823969,0.0024842473911445766,0.05654146759056665,0.029670364889309353,0.05045011133171574,0.03348260882158847,0.04996237479254525,0.04626196929637805,0.2672707673729018,0.009302044987951431,0.005533434989296692,0.015148551581384664,0.015121901012365959,0.015161716764506297,0.015060002290242515,-0.01915987232993393,0.002758698191207417,-0.43713888212614516
ROA,0.0008438726589105268,-0.0015265389529169132,-0.0021562297100428795,0.006317985361678239,0.005245228542113764,0.0025125827461161404,0.010102860095747356,0.008057737212360843,-0.0010183971999429187,-0.00404755878517446,0.02350886703432117,-0.005676461356156841,-0.007712261694991686,-0.006711831279080687,-0.0027129343594536515,-0.006820106462484606,0.004075936467260162,0.00024008507980635224,0.009053346498132386,0.005729651414612151,0.033934950213154076,0.017341283412741885,-0.012949738955717207,0.005267403497892686,0.057919682587620265,0.036306994957777734,0.08318531478141863,0.007238843059081371,0.018387270525584535,-0.0067213469245512485,-0.019838762910566913,0.00627400119151548,-0.005621235855438778,-0.010043070601684684,0.08783449084949668,0.3319062101806488,0.5684496724449907,-0.0978042914220992,-0.10624319735388012,-0.07237431303943079,0.06184725609391611,-0.07977710638512284,0.054408731967226065,-0.034998438516781416,0.32751246547758095,1.0,0.1894036458490307,0.046489166086919324,0.009669390570253254,0.01720783833552132,0.07523186181176626,0.06116589815227178,0.011645418822313321,0.10981999377051997,0.10770076267646252,-0.009068969687969096,-0.001289082834766428,-0.012903586089377216,-0.031049529786618672,0.31167329612343425,0.03465402506257745,-0.16862092448453794,0.004675789201163779,0.11319637041386908,0.05345815087010134,0.10024719327974194,0.06227875786069638,0.09155981237524603,0.0829460963932641,0.7377512295669794,0.02230891888896582,0.007528400311019871,0.033209136428205506,0.03315986691789097,0.03325084617700733,0.03301655041117949,-0.05627229010050722,0.001793013926209905,-0.15416111221670695
ROIC,0.0028300751114923098,0.0023788002013499124,0.0027979272687709304,0.003662914108924249,0.0035583424953577855,0.003988189615681281,0.004082781110562706,0.001545202274661972,0.0012587762295640395,0.0009662486853996016,0.005399787725633524,0.0018363589800874036,0.0006818378586111327,0.002883392919212348,0.0028670072902002835,0.002607012089605828,0.0036239589745326976,0.0026600913942948622,0.004472543834596226,0.0034388041226877143,0.009440744896700354,0.005182237352327863,0.0015990060772800407,0.00038427333723083877,0.012425031631202151,0.009153195471986744,0.01306034309350961,0.0029018613923144465,0.005096702162081964,-0.0022687742171630214,-0.003005017132169124,-0.0002585836637224534,0.0020401167526855135,-0.00019398937300659056,0.02853160103581901,0.0664853055608558,0.16099770716262807,-0.005076092086683916,-0.0028332106555748996,-0.008046831422743907,0.0074985393057242465,-0.015436909737854297,0.008718363975601148,-0.006868938522285332,0.01096390848294733,0.1894036458490307,1.0,0.0069299504932715025,0.0012786746287271138,0.0016413418020071987,0.011919548563916364,0.00984288957518726,0.0029319192692513095,0.014027442024781947,0.026556415252584196,0.006833033260511781,0.0002481295419848752,0.002858324359853751,0.0054715172605159425,0.03055650131704559,0.022683081171040252,-0.025195096194515113,0.0013784240867620512,0.023594351638313582,0.013356507836782057,0.02111514211906314,0.014229157112279844,0.02306867252641293,0.02227713062038121,0.1751791151327408,0.005471461102125745,0.0019560940584205807,0.0060616680805828495,0.006055271619273252,0.006074702690569756,0.006031769032994807,-0.00694636114582865,0.0016746356099909855,0.008772170057232047
매출액증가율,0.013664498108548457,0.012268554100815255,0.013352231124247722,0.01616588701713988,0.02302355283240588,0.01839057525944804,0.012475658846307634,-0.014732232659272168,0.020936277492835876,-0.009044817848838874,-0.006573996356679823,0.014443896736861332,0.01293731219410561,0.032628811586137646,0.01780200474907718,0.0186026823915585,0.016537237057335365,0.019160468926251856,-0.002597160994080651,-0.007887727341078314,0.015128062174088165,0.021325883855406354,0.012966331275835038,0.0008036249775397714,0.024699826703226145,0.02211302896286002,0.01793023145751298,-0.015719037811556067,0.009869247893355072,-0.01418964998115124,0.009622077655151355,-0.01301071535449331,0.006244662985813055,0.00997205860273668,-0.004996670496071134,0.028815095835708647,0.007362567810937066,0.028350126896202,0.03222567893168937,0.018689777503448173,-0.059183634992284635,-0.00510389862794873,0.04081369443740681,-0.06236526242654817,0.019815247327599973,0.046489166086919324,0.0069299504932715025,1.0,0.08232089209798461,0.06536486780243256,0.3877056238776817,0.44340831969966216,0.16939662090595686,0.25110344576358384,0.10809150691121586,0.059975855264821826,-0.003650338175810926,0.00397884604282999,-0.007715309685195762,-0.0070829714650567435,0.024607036664651756,-0.014900375219265951,-0.00048402127299055015,0.023527971733845635,0.013832018777229584,0.5157099140358548,-0.03354743505274863,-0.007577694758899449,0.07770720829514234,0.022294473143528077,0.010044063800319906,-0.006371526444389041,-0.0040027379129528775,-0.0040381745762350695,-0.00390250413197472,-0.00415041840223008,0.0042258909969014324,0.02176946790585517,-0.004147976553235293
영업이익증가율,-0.0002950013363517661,3.743113795143005e-05,7.861679421028587e-05,-0.0006214115043752872,8.952785171889176e-05,-0.0005624549565624333,-0.00019690145752756247,-0.0006848318927647615,0.002111489106247524,-0.0022758856730856654,-0.001862171122893734,-0.0004243407397965424,-0.0008124162449023667,-0.00028704894606296064,0.00025673556466173286,0.0007925551906238612,-0.00015042766648197875,-0.0003345673531721955,0.0004839893917490637,-0.00120869229011065,0.0017989696118481107,0.0008451214200618615,0.0001207541852568637,-0.00017444772081061496,0.0022020188093167807,0.0007977220778545371,0.0019785782797120594,-0.0008991211815247858,-0.0011995150869525612,-0.0007773633732593456,0.0032127305038941005,-0.0017559622294479728,-0.0004085233051766503,-0.004950663566994328,0.009348527661154179,0.005390298306621423,0.0031297193391689143,-0.0014916615010378861,-0.00011363659108936926,-0.0034103097186736356,-0.007910932423048262,-0.007437219634058473,0.0038937146864742324,-0.003815042123660261,0.0022166755463262915,0.009669390570253254,0.0012786746287271138,0.08232089209798461,1.0,0.013944459289487135,0.05666540669168348,0.046316718815214875,0.016167991764441916,0.02955307984187844,0.0004506167520698223,-0.006592462425131648,-0.001205934631756593,-0.004004195035107693,0.0045846626870301,-0.0035240437174212757,-0.004371447287779908,0.001512478293805002,-0.0002483183352101667,0.041991214991082604,0.012222204960168943,0.06754478182188266,0.012333141404822428,0.012694051069536787,0.024938667761457152,0.020295500273698044,0.0018638353336741021,-0.0006259131321366314,0.0010974630190622933,0.0010928292135248604,0.0011413851744434748,0.0010506500786970107,0.0010314051027827712,-0.0009599672158832541,0.003458897640927192
순이익증가율,-0.0019362133853486532,-0.0020172163064150284,-0.0020532901734119174,-0.0016010193882560568,-0.0008526200798271078,-0.0017957050005783265,-0.0006990683224072496,-0.003509113269103986,-0.0012275890697412814,0.00237567374237553,1.7698799135011818e-06,-0.0026400742908220115,-0.0022041997299743566,0.0004032927594742398,-0.0023455682469642526,-0.002281420637733422,-0.0020654768293922265,-0.0023176951912234666,-0.00021539212722120624,-0.0003089267412185672,-0.0006648237160586535,0.0003653619806112273,-0.0033454093737127722,-6.409801265895972e-05,0.0031122375358840484,0.001551798827874806,0.006065246758551859,-0.0034224148020783225,-0.0015678929765066607,0.002377977434905612,-0.002651760977791189,-0.001505373310543487,-0.0018302227283763118,-0.004130420947454524,0.001139833382828805,0.0026852115255843185,0.009825718766092907,-0.0020064803490405887,-0.002772975628081725,-0.00032062955740696104,-0.004644092925243075,-0.00029311801618513205,0.005025421770046394,-0.007648027031241579,0.00643551750037144,0.01720783833552132,0.0016413418020071987,0.06536486780243256,0.013944459289487135,1.0,0.08151211563267219,0.11645451298762562,0.0549934805350434,0.09190050406428522,0.00847039201598625,0.006044346298094458,-0.0015027164862755201,-0.0009078010554986062,-0.007727487078192957,-0.0032159714889519278,0.0102979480557274,-0.007642473837588764,0.0008514678083490541,0.018305143111248045,0.0009275536618781777,0.048262616402588256,-0.00115556518269177,0.00827316737035239,0.012816325241600483,0.01593558193641402,0.002193182442293509,-0.0005601167120442394,0.006836565356103122,0.00680605359058486,0.006828180366005484,0.00679327522152976,0.00244516182038508,-0.002413554312023343,-0.007379684136300982
총자산증가율,0.008507426123575053,0.00718503591480138,0.002668243958191402,0.012288728461118661,0.015556621057072157,0.011079156474243903,0.009063965521406524,-0.029748530312387313,0.021108104484263222,0.007635387331885363,-0.012344886737488375,0.007220830947129122,0.005859597316260421,0.03346593035453364,0.012381866428713976,0.01970853727901646,0.003201689854950937,0.005546685466802365,-0.011119656241706568,-0.012017900640470675,0.004463727291233693,0.021368209315927107,0.006743023079855471,-0.0025736921593711992,0.020021341061788888,0.012202357198004474,0.02294438150013874,-0.029868461931059912,-8.20517716772844e-06,-0.029878469894284974,0.08899831326423459,-0.0178342019125409,-0.00029192752067894694,-0.003087295420563277,0.013185188811998193,0.05323077990996414,0.03889801693453223,0.06377219468622077,0.05904246376374454,0.06355913442808571,-0.07539606816496447,-0.0047088123541650356,0.05359291187224221,-0.07039270682170644,0.030675897320741594,0.07523186181176626,0.011919548563916364,0.3877056238776817,0.05666540669168348,0.08151211563267219,1.0,0.7485594748102699,0.2984034888074386,0.6858407861471553,0.08505854603211364,0.05540988688242578,-0.00732706190487575,0.00361823635679585,-0.006590329273519025,-0.04525249446016299,-0.04568702144595622,0.08350075595011065,0.006852358476166727,0.09846063872705392,0.12033872246599854,0.30072176341281487,-0.06346724712480223,0.08191735713803298,0.20269287364810223,0.06540423610671114,0.014875064068988279,-0.00856615595371,0.012145896110845197,0.012051361526522288,0.01238168286064872,0.01175295125255503,0.0014011989373377133,0.026796043619481208,0.020101270441901187
유동자산증가율,0.03568769796678178,0.03031730705913116,0.034219963471485204,0.04422766695438643,0.0423817856684074,0.041980545067681486,0.031211633381279563,-0.010648156055778974,0.03656635269394418,-0.0029555267344976597,0.006549140298026842,0.038566046899396196,0.035673523583184555,0.057107243730328765,0.044163998090093276,0.03974644964342347,0.031972771284776304,0.03509786020031421,0.003614207491539386,0.0011560625732491784,0.025778785562701374,0.05116980004823722,0.031429964255898946,7.903494033648246e-05,0.04572718063840819,0.037614568838235926,0.039642962989927186,-0.01142411923163091,0.026478470404578475,-0.038669294319057024,0.053712468031241564,-0.01111064914269416,0.01656739840942049,0.022938271229919528,-0.0016592758614148407,0.039978542540911315,0.02417626485096,0.04710320202118062,0.04811829837752611,0.03910437889713869,-0.04637378079338795,-0.004053184267542756,0.06779887885469972,-0.09748584299670231,0.025929660639510205,0.06116589815227178,0.00984288957518726,0.44340831969966216,0.046316718815214875,0.11645451298762562,0.7485594748102699,1.0,0.2520992278885024,0.4884132326300497,0.08245451580873255,0.050364067351322275,-0.006698425832921447,-0.0016413277758714564,-0.010141565663666223,-0.04164520148338249,0.006105582387972414,0.0585225765886325,0.008643925154984052,0.09616926068935486,0.007419979796153906,0.3541634145660018,-0.02087495032122822,0.07346742289537435,0.1874982276826325,0.06006687211048831,0.016451130992756788,-0.006120610798410507,0.00926570054750286,0.009230434376618076,0.009472370230544331,0.009001837999568931,0.001752783554002038,0.010407756648256,-0.00039419466845945787
유형자산증가율,0.003059529381194069,0.0019180334531598352,0.002842376510090394,0.005036348836206452,0.005794392163252755,0.007276241194483097,0.001488165261307463,-0.01352306276097805,0.0004627759511576549,-0.0003307195634077493,-0.006496568356442164,0.004735402861637084,0.004887039597798,0.015374497315331276,0.005045762651253263,0.002957928807923011,0.0026847229636583407,0.005006285145815698,-0.006060522186781388,-0.008806534056245856,-0.004499330124101067,0.010549436248682348,0.006034499159700614,-0.001157243232591882,0.0015600080396481332,-0.0028131409602102325,0.0016045991160357998,-0.01388942727968009,0.00205039235815363,-0.00626133774091115,0.006871595385365588,-0.007846226399323615,-0.00025004151794741635,0.001019539990698428,-0.0009531713131737183,0.009433947645625667,0.007564950995261788,0.014187697467979233,0.012641081607422675,0.014862127568394463,-0.010380002781720632,-0.0008709763704633285,0.017538728623590523,-0.029822579701074207,0.005922273936864313,0.011645418822313321,0.0029319192692513095,0.16939662090595686,0.016167991764441916,0.0549934805350434,0.2984034888074386,0.2520992278885024,1.0,0.2105422550541573,0.021423375813015892,0.019980608651423856,-0.0019254366796543155,0.0036852208691121858,-0.006401877538760744,-0.013082447283554725,-0.014392094036913881,0.016347946165058073,0.013309008104214523,-0.0016958992880533868,-0.017693383388668417,0.10019616154160609,-0.05835377407633729,0.00457016569698047,0.02712054407872205,0.011865666741440097,0.014953679666771785,-0.004818779171863638,-0.0057741708202996124,-0.005784219485492282,-0.005718372857554602,-0.00584160245429433,0.14838589758862927,0.006664619649788612,-0.001395805659015125
자기자본증가율,0.004337715907063956,0.003648368722075603,-0.0017395562488720028,0.0077380307611853525,0.010562762927028327,0.004947699918867262,0.01065045961175569,-0.021283403359880042,0.021472008125963286,0.009969587030211224,-0.009057630005515682,-0.0003968738349653618,-0.0028565341447986474,0.017700537603891703,0.00399593166360891,0.004694992078488395,0.001476100511795853,0.0039338093408142795,-0.012522956817130473,-0.010792000621449353,0.010405877558446235,0.01463672400799835,-0.005283633486663016,-0.004048272281233105,0.03220559379487882,0.019594935971944394,0.03999268403918495,-0.02345450575389759,0.005553728591109882,-0.014763694437155849,0.03067111666685118,-0.015202309791974705,-0.006763923565591501,-0.0068373103278239165,0.018351072367367924,0.05879448207068827,0.05711881791319619,-0.013251440207258137,-0.012686332413813624,-0.01202920049952397,-0.03559747253898119,-0.0014988283236335924,0.042258218626049907,-0.05657308904325516,0.053048888619139326,0.10981999377051997,0.014027442024781947,0.25110344576358384,0.02955307984187844,0.09190050406428522,0.6858407861471553,0.4884132326300497,0.2105422550541573,1.0,0.07540519340453729,0.06267671546402256,-0.010991770866075716,-0.0059157038042017785,-0.004178153768776652,0.01770012606747494,-0.0360385981909932,0.038262134765962734,0.012434637771490396,0.10864001318955266,0.1006527072915718,0.22611305750700905,-0.01974073053525731,0.08189140437711986,0.06805081895708265,0.06301425854272419,0.019632953922159035,-0.007508673404793758,0.015228154854250265,0.015071313540399055,0.015433521130262456,0.014734994542050135,0.0001484131254211788,0.012881820118698203,-0.016302267039021597
총자산회전율,-0.049810337433458675,-0.06367491871699053,-0.049887965080073524,-0.02161971120187111,-0.00671934023790537,0.00041726613433538403,-0.06339453882120173,-0.04534752281965937,-0.0803111734711665,-0.050618560487742575,-0.05818594162723608,-0.03753665773309808,-0.05567905047303462,-0.04718263001209987,-0.02111629624618806,-0.003153057278085192,0.019366816188414,0.037149010226891224,-0.0401033274359946,-0.042256478076261705,-0.026084450094921018,0.003348931531370603,-0.00519198954547119,0.004504290915331002,-0.024930695492914823,-0.027434467477977523,-0.029984110952878475,-0.045952816572873395,-0.04025217534844302,0.047224373574579495,-0.015373683668906984,-0.010581473587370958,-0.01990011568918181,-0.03756034290677044,-0.3440091329501697,0.06569218057964676,0.06929487565709255,0.0434611140713457,0.09347930350896058,-0.038901178290184274,-0.21199731690690193,-0.03952956643867078,-0.08596573813676363,0.07362465507420775,0.04607287470982558,0.10770076267646252,0.026556415252584196,0.10809150691121586,0.0004506167520698223,0.00847039201598625,0.08505854603211364,0.08245451580873255,0.021423375813015892,0.07540519340453729,1.0,0.44440661944784865,0.004741812087660978,0.2619368963949915,-0.0326164841861062,-0.007555659824496758,0.13188625654039998,-0.1300318478075829,-0.0018492826733265545,0.08518010321245464,0.03276210501854904,0.12506376421539767,0.02439095092404514,0.060391057639888945,0.08512698942727877,0.05339813317568356,0.002244564221777877,-0.021829619988864096,-0.05653767182311104,-0.05652012096146117,-0.05660120250216047,-0.056470804592537206,-0.010769324093384536,-0.032907467635181355,-0.07560957996809121
자기자본회전율,0.014185223418718076,0.007295718160707639,0.015898979141632314,0.02825447412639772,0.03266894407224342,0.044741461828519916,-0.00417125531148543,0.010974879906084768,-0.005735739588424405,-0.01020063578893233,-0.007662276746995828,0.024798080458133816,0.015744263922348525,0.0046053560165707705,0.033391482779094456,0.04229727271431409,0.04347936286427359,0.05053899330580568,0.00843239963531235,0.0061498124604557666,0.017073481692900943,0.02021683438468167,0.0014484712420347744,-0.0008568329899656293,0.014767598174239694,0.010241610065676468,0.012274179341695392,0.01201303218235495,0.0022597302385522077,-0.008259221582134522,0.01385544673559001,0.010822366407061308,0.019447343055504433,0.026719305989689312,-0.1753942109586735,0.012271815925596941,0.009998539934689247,0.7620302071942315,0.7788034545472996,0.6389445021243105,-0.17879541991643713,-0.006893662872011494,-0.048898203243099986,0.03898861346960756,-0.12977991084339272,-0.009068969687969096,0.006833033260511781,0.059975855264821826,-0.006592462425131648,0.006044346298094458,0.05540988688242578,0.050364067351322275,0.019980608651423856,0.06267671546402256,0.44440661944784865,1.0,0.007346231160579589,0.12989453360387682,-0.009968063919374192,-0.08217631083596355,0.08980030154985151,-0.050456073147128355,-0.0010976020619835724,0.05306955993277133,0.02115188721619424,0.07372268133873308,0.017940932306194906,0.04423813490093494,0.05402458634473976,0.004282597533235805,0.0007883870150465444,-0.0006583976916884247,-0.0241903027878063,-0.024215567666631077,-0.024216310427890388,-0.0242443793858475,-0.0010959790181741286,-0.012211332513004625,0.2531724478167224
순운전자본회전율,0.005685033001484181,0.005291840329618452,0.008681155538594835,0.007375124054514461,0.010028346301500488,0.013167709023435668,0.002050914896726913,0.008631471964941644,0.021852753868476123,0.0006737743414175262,-0.004763007237543651,0.0077529641959423416,0.009164118313704311,0.01749112798861532,0.009041170250204266,0.010343576997509357,0.00836676943178515,0.009286713532286274,0.004627575339302382,0.006649170305793082,0.00020609082780360957,0.006877678912952117,0.012659308804574616,-0.00015433834493669042,-0.004216125216890899,-0.0022087400003159745,-0.004938891890760329,0.008041362878239387,0.004243541907317126,-0.003969481718621771,-0.0008159483292251255,-0.0006455837465114058,0.00642701826991189,0.010933963716291578,-0.0009257541945277804,-0.0004879544650165269,-1.8095105213601837e-05,0.008143511944956498,0.006295187828666455,0.01006691861279242,-0.009622242982263081,-0.0003957824309943992,-0.003865467956704227,0.0031219112141415927,-9.190040274425258e-05,-0.001289082834766428,0.0002481295419848752,-0.003650338175810926,-0.001205934631756593,-0.0015027164862755201,-0.00732706190487575,-0.006698425832921447,-0.0019254366796543155,-0.010991770866075716,0.004741812087660978,0.007346231160579589,1.0,-0.0018331627762703717,-0.0008960495455734511,-0.003790167873639077,0.005281398536223644,-0.0036352033914944432,-0.00043524181026426996,0.0043308246940889986,0.0036117502584417194,0.002122065348176364,0.004740673279321723,0.0050389772450218605,0.006234592239636673,-0.0022861954796029277,-0.00039240928139573856,-0.0010314389537340097,-0.0015777057369647514,-0.0015680988498310094,-0.0015809865304764667,-0.0015519412773942508,-0.001922917931023126,-0.0019451151070256105,-0.006405929824395394
유형자산회전율,-0.020265441733851388,-0.025941508589249804,-0.028818679645829185,-0.00939451286724998,-0.002743584610919418,-0.009945154544354283,-0.020323712260379004,-0.018842388101676016,-0.005302109988904686,-0.016882235744298098,-0.023389571581585306,-0.01936178859737416,-0.022975705306487453,-0.024267629846253556,-0.016834364922028475,-0.02233631300755122,-0.015133785727081319,-0.011967741037137991,-0.020554971173679427,-0.022166042887425786,-0.01929680181907763,-0.019520762094437635,-0.019780536572035993,-0.0013418924277872992,-0.016508631504121553,-0.016420186664137547,-0.01676143303871711,-0.01906114323255421,-0.02477592173858698,0.015368487710573479,0.03194352933552536,-0.014557885757937006,-0.0180593589819406,-0.02051240724567927,-0.03564319753874711,0.0007631237986682834,-0.0015634264064865934,0.0109414400814894,0.02618964221584072,-0.01377351477160477,0.005864982481006979,-0.001729107141137813,-0.0159300677234852,0.014619675146293174,0.0010756509897256502,-0.012903586089377216,0.002858324359853751,0.00397884604282999,-0.004004195035107693,-0.0009078010554986062,0.00361823635679585,-0.0016413277758714564,0.0036852208691121858,-0.0059157038042017785,0.2619368963949915,0.12989453360387682,-0.0018331627762703717,1.0,0.007983927923199527,-0.04572847952956964,0.010645036145413346,0.023043957803379714,5.433622281626403e-05,-0.05156996649443452,-0.033390643520053914,-0.03782647863498274,-0.035191461996666076,-0.05263877662705155,-0.048942561124546716,0.03234051151327683,-0.0005809195856061946,-0.005306491569261117,-0.021129117021532487,-0.021133229564568975,-0.021083646045575517,-0.021155203252803623,0.014202993370744094,-0.0002759393139095463,0.018593223448474486
매출채권회전율,0.02782960487948874,0.031114815690291463,0.0052589538208355265,0.026988058372908717,0.001754791525746844,-0.016258245848635264,0.038080174517439905,-0.006660623290713332,0.019734046804434257,-0.01084546723562012,0.04325176249031255,0.01597609750667459,0.016443712723172084,0.008761254639825536,0.0220801934000408,0.006673489947651818,0.009840825833096456,0.003135174045563891,0.03832750153105146,0.04928770829172645,0.019068693039608516,-0.0021869769006631415,-0.0008401842152765115,-0.0006809324029364921,0.028268904027241908,0.03698365785088923,0.024933907553023348,-0.005819604798715054,0.010665380021893786,-0.02729322831039978,0.028191442382561927,-0.0012433382848331157,0.0011423459390366652,-0.0003710453918142362,0.06788951369672758,-0.21131163904511824,-0.14938930122148056,0.0024686973153651196,0.0027219510747190237,0.0020350822880287685,0.02432308858180404,0.06342148028569003,0.07868510572636275,-0.07469172353852575,-0.011938643246592884,-0.031049529786618672,0.0054715172605159425,-0.007715309685195762,0.0045846626870301,-0.007727487078192957,-0.006590329273519025,-0.010141565663666223,-0.006401877538760744,-0.004178153768776652,-0.0326164841861062,-0.009968063919374192,-0.0008960495455734511,0.007983927923199527,1.0,-0.022777681551658796,-0.024309257831551606,0.05420488486300142,-0.002624441906388153,-0.005485027167878272,-0.007355345294743316,-0.012161889684837987,-0.004920442763483749,-0.00913320135168887,-0.009507480862582606,-0.012691452258164133,-0.0031827104603756066,0.018054149712070856,0.008679102491275615,0.008699766898657176,0.008712369950377549,0.008697149674892258,0.013440265819748592,-0.004969503910029572,0.08161119542932428
부채 대비 영업활동으로 인한 현금흐름,-0.018231350444694993,-0.018522320645005027,-0.019461101527435007,-0.015672434905445162,-0.02362835031649354,-0.02700906084310522,0.002454456280665491,0.002560115777963525,-0.01075922396310789,-0.01869897432896269,0.020953983524861584,-0.032254661168236734,-0.031995436316374026,-0.042469362981866064,-0.033079287266109036,-0.04900307792411702,-0.019712738823220045,-0.028265088449472422,0.000657324029786393,0.001310741130149168,0.02887782692791266,-0.019617713926231094,-0.02207721920014128,0.020271712335818745,0.039308808008162194,0.031630950415833615,0.0477569510094674,0.0041655524136045416,0.0471552742931531,-0.004523565972606113,-0.08290858179620966,-0.007144315837553717,-0.036896820779119786,-0.03340994401997152,0.1793349023073027,0.29687293481656607,0.2452184896995932,-0.11014959453310792,-0.11952107497447714,-0.08043580168991578,0.22588274979864467,-0.059748305933865126,0.06637119235113467,-0.04181218611130384,0.09561845115798642,0.31167329612343425,0.03055650131704559,-0.0070829714650567435,-0.0035240437174212757,-0.0032159714889519278,-0.04525249446016299,-0.04164520148338249,-0.013082447283554725,0.01770012606747494,-0.007555659824496758,-0.08217631083596355,-0.003790167873639077,-0.04572847952956964,-0.022777681551658796,1.0,-0.21711915533135598,-0.27762694516327086,0.0034449998472819723,0.10904260341317652,0.052682781552759385,0.06585652067918076,0.06898375806772229,0.08927862701582234,0.0522053446949081,-0.2378432980141658,0.0012691159151291254,0.0023946785967278316,0.026480795918374662,0.02647977097975411,0.026383310958653906,0.02654346531264584,-0.03544100354204708,-0.0021839942842252847,-0.06454916034197701
부채 대비 투자활동으로 인한 현금흐름,0.05229111162728569,0.051264840432330705,0.051492573004751296,0.05476426407363178,0.05815332841186044,0.06596545074925665,0.045768327389610175,0.05461457527035739,0.03714649882511797,0.02569423603957122,0.04139938038706936,0.0545016053449105,0.0519887775889436,0.051467824251253444,0.060423129765084516,0.062316691808610124,0.056157884028170124,0.05537662834662313,0.0444199704427111,0.04163166786808933,0.0418191003244742,0.05038971525016948,0.05055628197382662,-0.0018107557389000785,0.0369029226892256,0.03974517991608465,0.03177838192286217,0.05309582276899058,0.029369662211999527,0.003056723509069213,-0.06159855191588157,0.029488662152898693,0.04373014448258489,0.05759718256070021,-0.1434229747658244,0.07911961168642198,0.07103917054698236,0.06391595287463699,0.07598084998012375,0.03501635170863511,-0.4040504916760676,0.002302357166413561,-0.007667020398375181,-0.0013486009024533015,0.03257541877747488,0.03465402506257745,0.022683081171040252,0.024607036664651756,-0.004371447287779908,0.0102979480557274,-0.04568702144595622,0.006105582387972414,-0.014392094036913881,-0.0360385981909932,0.13188625654039998,0.08980030154985151,0.005281398536223644,0.010645036145413346,-0.024309257831551606,-0.21711915533135598,1.0,-0.7195827656125435,0.007455692934708763,0.1898887866756258,0.08814498666967484,0.16299345608932916,0.1336379779784777,0.18362095739528714,0.18438698157411182,0.11527047967586776,0.01447876531232524,0.013787687548795315,0.011998199295761887,0.011833229337140554,0.011332339388429397,0.012307396719356049,-0.03912734344510946,0.0030598415958377496,-0.13854959210562764
부채 대비 재무활동으로 인한 현금흐름,-0.05018389929474487,-0.04964425131225254,-0.048872704170681236,-0.052709198593917525,-0.052186626327114655,-0.05785768627078419,-0.05608148791550268,-0.06334794934965735,-0.039025026163017285,-0.01983234071711631,-0.0627269841547128,-0.043707117391048565,-0.04147732581191048,-0.03486942204137206,-0.049124603056179855,-0.042132144058983044,-0.05237997525125703,-0.04631204486860213,-0.05204120951184304,-0.04854563363882766,-0.06385267497839474,-0.04582753649333576,-0.04590066966720237,-0.008936701531802288,-0.06354208493654867,-0.06289436650209736,-0.06448259712707274,-0.06298438084272961,-0.05876156149264717,0.01933697151723723,0.11492470809003397,-0.031683619697495814,-0.030045480243716328,-0.04622199019560266,0.06147850360445046,-0.2426150056843124,-0.21130893166696652,-0.010890236747708594,-0.018295154838597654,0.0035182472269793623,0.33856857101097115,0.028748663626024844,-0.03803942448790078,0.031190652940467852,-0.0640266054823969,-0.16862092448453794,-0.025195096194515113,-0.014900375219265951,0.001512478293805002,-0.007642473837588764,0.08350075595011065,0.0585225765886325,0.016347946165058073,0.038262134765962734,-0.1300318478075829,-0.050456073147128355,-0.0036352033914944432,0.023043957803379714,0.05420488486300142,-0.27762694516327086,-0.7195827656125435,1.0,-0.006421004432356638,-0.25914066333202285,-0.1350111059413299,-0.20128007419669872,-0.18042128765864296,-0.24844781352585701,-0.21901701132329485,0.011585685826366491,-0.012614101248870871,-0.02050742138053278,-0.029891254340164874,-0.029742648194733885,-0.028932184028406086,-0.03042463919568315,0.09002662223096272,-0.0009791388761434968,0.18152113741530526
DSRI,0.04334191414136948,0.05047402080337548,0.025854301971376024,0.03655966418404773,0.01737096907848011,0.005382316710698171,0.05274809330625969,-0.00040240371037284623,0.030139361904900585,-0.008807122625737837,0.05788604870278232,0.030487169711009555,0.034933407675666966,0.023856368929246096,0.035718550018843685,0.009782527169174797,0.02513896070722305,0.01479354099790535,0.06115529905778921,0.06550888174395994,0.03018000772104786,0.0029118719286475464,0.009374719889032624,-0.0005017386708634126,0.030715235588723185,0.03951604775874632,0.027251909347884976,3.0608750522579586e-05,0.02109991940009694,-0.015506831275792422,0.012115221787397943,0.00875476122211255,0.0073956435419431634,0.016879826019321555,0.01905386640509883,0.003491436213046346,0.0067849777077642085,-0.0005972130940293786,-0.000870444650216174,-3.815452531272399e-06,-0.008009715315311399,-0.0013222814381180904,0.07269523754524239,-0.07417347108043947,0.0024842473911445766,0.004675789201163779,0.0013784240867620512,-0.00048402127299055015,-0.0002483183352101667,0.0008514678083490541,0.006852358476166727,0.008643925154984052,0.013309008104214523,0.012434637771490396,-0.0018492826733265545,-0.0010976020619835724,-0.00043524181026426996,5.433622281626403e-05,-0.002624441906388153,0.0034449998472819723,0.007455692934708763,-0.006421004432356638,1.0,0.0343875921474695,0.026421301174016386,0.0291586179329308,0.02057387005655279,0.03324433870990968,0.033199380677443845,0.0032145861821185184,0.9993707627189118,0.012183489053346392,0.013903598290301722,0.013899760010554544,0.013826948309841358,0.013977567503257883,0.009359049893155762,-0.0013595308563872015,-0.00884758927517126
GMI,0.12018781795852018,0.1199665865242244,0.11622697562266533,0.12331457492578231,0.11777869118502263,0.12884626019059858,0.1253929870139625,0.08774972378280879,0.08637955097375759,0.06306477476608711,0.1463808523126128,0.1106651911473857,0.11203138398752016,0.0955930956046121,0.11525009301095766,0.11178217713546328,0.12306291143840899,0.11013079920404989,0.12154926788795198,0.10860558458895396,0.13506659355814485,0.0908210156020671,0.09073620368522493,-0.011390481156573713,0.13396644320815992,0.13413468735556822,0.136881775515325,0.09794529485116683,0.11369526492922775,-0.09635357877132697,-0.03899590222195307,0.06472288786134411,0.08943709338013271,0.10929917432769312,-0.01689999332821631,0.10250442832188066,0.1103127182503264,0.023747143257312996,0.020952688070514102,0.02233922870836381,-0.16336872000450775,-0.031022047333366897,0.0998107340761848,-0.07242773019588913,0.05654146759056665,0.11319637041386908,0.023594351638313582,0.023527971733845635,0.041991214991082604,0.018305143111248045,0.09846063872705392,0.09616926068935486,-0.0016958992880533868,0.10864001318955266,0.08518010321245464,0.05306955993277133,0.0043308246940889986,-0.05156996649443452,-0.005485027167878272,0.10904260341317652,0.1898887866756258,-0.25914066333202285,0.0343875921474695,1.0,0.5616866950204442,0.7369630656959147,0.6566443020250892,0.9346652760880094,0.8769244748279484,-0.0037900020441208166,0.05857451558897142,0.0518458608462387,0.09912641068704525,0.09894085757612747,0.0981153900968822,0.09971039981668553,-0.0985105010104043,-0.010365687079648373,-0.14899798174653187
AQI,0.058921596275653215,0.059872006556414274,0.05536098572676773,0.059200933669984135,0.0597595074560421,0.06201567484255986,0.06328595915254481,0.04062841672651521,0.042456545666593924,0.03373373334215804,0.07494276249181167,0.05265540118476139,0.05482555553363441,0.05303865064446284,0.05477914792696554,0.05862781594040082,0.05910063695439077,0.0534564917937605,0.05678425635173564,0.05127143985022929,0.06314437624506224,0.04334956955959922,0.042990256433202964,-0.007341349493748857,0.06242891185481411,0.06188555573671734,0.06934479075166224,0.04647065348188414,0.051948547602286184,-0.05226720732893323,-0.002144309949729176,0.029036758113254905,0.043127425548931626,0.05337419207576288,-0.03749858061775801,0.05964453609383037,0.06859911885836786,0.014698380799199214,0.009297459152215276,0.020158354824370305,-0.10033487813565346,-0.018665445141302993,0.05670712690254966,-0.041003445331635496,0.029670364889309353,0.05345815087010134,0.013356507836782057,0.013832018777229584,0.012222204960168943,0.0009275536618781777,0.12033872246599854,0.007419979796153906,-0.017693383388668417,0.1006527072915718,0.03276210501854904,0.02115188721619424,0.0036117502584417194,-0.033390643520053914,-0.007355345294743316,0.052682781552759385,0.08814498666967484,-0.1350111059413299,0.026421301174016386,0.5616866950204442,1.0,0.4601921406525355,0.4411185845161186,0.5578120522205318,0.5599508966462815,-0.007959178486453541,0.04882845500326749,0.024362376095042933,0.0568095538660159,0.05670598117223737,0.05620861125657115,0.057114492274211524,-0.05496387174774323,0.010107657851010666,-0.09126538109986262
SGI,0.10936259499517166,0.1071331387614074,0.1057564418472531,0.11557606169114773,0.11750848510090886,0.12059078078793785,0.1143890969889308,0.06361335897064986,0.08935168076209594,0.045831015295529104,0.11422402739906158,0.101501702998136,0.10110744936867931,0.10508315759134941,0.1083994950412709,0.10773010380260009,0.11393016532191487,0.10678676545145753,0.09471988835788903,0.08023908855855033,0.11731334330397239,0.09372258138480472,0.08456892090150901,-0.009640536370013358,0.12467562824839497,0.1210293513895727,0.1189045454187938,0.07031550985380948,0.10036306283534129,-0.08983791634370775,-0.02346555990459472,0.044627952459687835,0.07644519882990523,0.09370568100294265,-0.03488225515041663,0.08580538815838001,0.07270664156764664,0.03145165940342373,0.032174502188333065,0.024202908753229505,-0.15488965412964267,-0.026790915148871386,0.1090186507342887,-0.10709066358330803,0.05045011133171574,0.10024719327974194,0.02111514211906314,0.5157099140358548,0.06754478182188266,0.048262616402588256,0.30072176341281487,0.3541634145660018,0.10019616154160609,0.22611305750700905,0.12506376421539767,0.07372268133873308,0.002122065348176364,-0.03782647863498274,-0.012161889684837987,0.06585652067918076,0.16299345608932916,-0.20128007419669872,0.0291586179329308,0.7369630656959147,0.4601921406525355,1.0,0.4414028729469446,0.6991230317022759,0.7749672914044107,0.0039835196537535734,0.05586321962595015,0.038086525620678616,0.07841540123798472,0.07825484217174793,0.07767090798402601,0.07880612302382886,-0.0716460482892047,0.009192506935459253,-0.11772587196108983
DEPI,0.07201545987265179,0.07471239782449465,0.06612004789781675,0.06937023894217606,0.0629643514382143,0.08001053098610461,0.077873988992464,0.04780686235820689,0.046648450237610786,0.04190753009802396,0.09960069965228015,0.06387618195484128,0.06825947517184149,0.0446615567877443,0.06408514672857955,0.05867253130906842,0.06894371394344063,0.058373100867190005,0.0770001143857168,0.07978320581888229,0.07536078403650079,0.04538893691467961,0.048048599218594924,-0.00737840836909146,0.08207845717633844,0.08713282378830291,0.09369113186927226,0.055807729883602455,0.07245633151959277,-0.05229417143727378,-0.06192380086735613,0.03344191383688139,0.03514348695969351,0.06708643413825106,-0.00019535903422703233,0.06376102444891645,0.07360708653232749,0.0035160441214999436,0.001071859457494751,0.005305945399864584,-0.09950653438580552,-0.01871685730766852,0.09100932596688723,-0.06084154594974763,0.03348260882158847,0.06227875786069638,0.014229157112279844,-0.03354743505274863,0.012333141404822428,-0.00115556518269177,-0.06346724712480223,-0.02087495032122822,-0.05835377407633729,-0.01974073053525731,0.02439095092404514,0.017940932306194906,0.004740673279321723,-0.035191461996666076,-0.004920442763483749,0.06898375806772229,0.1336379779784777,-0.18042128765864296,0.02057387005655279,0.6566443020250892,0.4411185845161186,0.4414028729469446,1.0,0.6327230534839987,0.5448188111409075,0.0017146132009299092,0.03824296577648795,0.03454640362977346,0.07066497349443404,0.07055463523988997,0.0700205885010239,0.07103528522147219,-0.06513206419419866,-0.007286126308969476,-0.10330744955084331
SGAI,0.11482835355180737,0.11436137738354084,0.11115069780893543,0.11828929951488203,0.11520039331805607,0.12209419504957383,0.12121555763211071,0.08310149714612254,0.0835961267239082,0.06281674374492033,0.14075670386150002,0.10546548573473168,0.10711087540188331,0.09728629566114964,0.10899594953426953,0.10774994998606148,0.1164331373197734,0.1055734389738936,0.11548482840249935,0.10276864895989597,0.12126946486425184,0.08981942735687105,0.08752030487141431,-0.011317938658178428,0.12121958267325829,0.12144972795333908,0.12530354368511518,0.09269491658683784,0.10761348269847036,-0.09214880023913234,-0.036534881298288656,0.06254814506174405,0.0827902931840304,0.10198076545483283,-0.025110269752180295,0.0896682480575108,0.10488366528996498,0.025574999376680153,0.021892585471138978,0.02544754365836508,-0.15133764521937926,-0.03037156722354067,0.09600424255195826,-0.06952603666342606,0.04996237479254525,0.09155981237524603,0.02306867252641293,-0.007577694758899449,0.012694051069536787,0.00827316737035239,0.08191735713803298,0.07346742289537435,0.00457016569698047,0.08189140437711986,0.060391057639888945,0.04423813490093494,0.0050389772450218605,-0.05263877662705155,-0.00913320135168887,0.08927862701582234,0.18362095739528714,-0.24844781352585701,0.03324433870990968,0.9346652760880094,0.5578120522205318,0.6991230317022759,0.6327230534839987,1.0,0.8661554636092893,-0.004988077061757566,0.05584262927115773,0.049141231528363624,0.09475297936872622,0.09458722558669702,0.09375466712355213,0.09535801184926893,-0.09639362877214326,0.0011066739764832025,-0.1451095550505524
LVGI,0.12017888661858689,0.11865700753677116,0.1163240666001162,0.12524573628841437,0.12119766048929914,0.1299625870534998,0.12483114563225657,0.08625088609337876,0.08734178853703031,0.06575986749771327,0.14245246599117664,0.11166638573338439,0.1125397022993177,0.10210813187572704,0.11734589391433019,0.1187260418710968,0.12280277783093996,0.11145231926907921,0.11805858453350884,0.1030907556697219,0.12626039716560825,0.09601153695617301,0.09479568642237547,-0.011417135470904484,0.12361436545531947,0.1224902938139918,0.12042954668393425,0.09613571781568521,0.10961583627512585,-0.10154642551133661,-0.01132714544223381,0.06477542172461136,0.08910486880397571,0.10508817774782253,-0.043473388063294774,0.09158654214839188,0.085061423712473,0.053901073774610724,0.052402544314923,0.04686105479192303,-0.18870856379594578,-0.03144147960911339,0.09867064328702752,-0.07411644748604697,0.04626196929637805,0.0829460963932641,0.02227713062038121,0.07770720829514234,0.024938667761457152,0.012816325241600483,0.20269287364810223,0.1874982276826325,0.02712054407872205,0.06805081895708265,0.08512698942727877,0.05402458634473976,0.006234592239636673,-0.048942561124546716,-0.009507480862582606,0.0522053446949081,0.18438698157411182,-0.21901701132329485,0.033199380677443845,0.8769244748279484,0.5599508966462815,0.7749672914044107,0.5448188111409075,0.8661554636092893,1.0,-0.01091740712286354,0.0561275301497626,0.05133135549065453,0.09939837105149239,0.09921169989953789,0.09837579975819792,0.09998973927437865,-0.09718488494623732,-0.002768466969104559,-0.11732338388439342
TATA,-0.02920351155083494,-0.03281573760683597,-0.034611767580030414,-0.022102898238100036,-0.00912416207726771,-0.0267266081058102,-0.027457337169764576,-0.03131784395785329,-0.03313070956276817,-0.003190303635300374,-0.01816438008774134,-0.02921345319024029,-0.03112836360111072,-0.01961581278933696,-0.028330992956813395,-0.01546990135669656,-0.02766597612914684,-0.01968306769763736,-0.03912111625540187,-0.03831284968834144,-0.031356041708678895,-0.0074023918045099816,-0.04258053312332075,-0.010266721825311409,-0.008007514228750357,-0.025432820789106667,0.023609601131704603,-0.033095535444343835,-0.07111787787897052,0.04191518645563188,0.051154258886817836,-0.018208379609105846,-0.01234203805808065,-0.03816561123990631,-0.0024140502634656647,0.1355575813553739,0.44525385534696527,-0.049564245641536886,-0.05589609900498648,-0.033250398225441534,0.07730570920425389,-0.0438334326622215,0.010395466993941284,-0.0011775031577613707,0.2672707673729018,0.7377512295669794,0.1751791151327408,0.022294473143528077,0.020295500273698044,0.01593558193641402,0.06540423610671114,0.06006687211048831,0.011865666741440097,0.06301425854272419,0.05339813317568356,0.004282597533235805,-0.0022861954796029277,0.03234051151327683,-0.012691452258164133,-0.2378432980141658,0.11527047967586776,0.011585685826366491,0.0032145861821185184,-0.0037900020441208166,-0.007959178486453541,0.0039835196537535734,0.0017146132009299092,-0.004988077061757566,-0.01091740712286354,1.0,0.022998827181094878,-0.013194424919955703,-0.0044934778916971545,-0.004492086525286151,-0.004379303137253759,-0.004618101431788253,-0.0405457292115732,0.0054223708030723666,-0.10184370063744112
Beneish M-Score,0.045815410955321746,0.05284683100734026,0.02811695355648486,0.03929308956635387,0.020403515654959344,0.008249759545124281,0.055409704360802114,0.000906354436238431,0.03187057210315219,-0.007422721313416602,0.06094827210080835,0.03271959697032474,0.037153290617369314,0.026257996096948264,0.03812088135966325,0.012466736481127316,0.02776326456103238,0.017335960675691195,0.06312251095402718,0.06714601338553287,0.03292787794323527,0.005263354138862644,0.010854756403339553,-0.001006779148168118,0.03408408259170361,0.0424678675231627,0.03128340408804605,0.0015349820856402437,0.022543509215940862,-0.01721637740283921,0.01227719258774982,0.00972993759295085,0.00931617268812025,0.018855751042548215,0.017994601049061098,0.00888472878200802,0.018227495698110243,-0.0009302066378449121,-0.001391167928660892,-6.103009034914869e-05,-0.010961724319445684,-0.003001631587754412,0.07591691494755115,-0.07687439374837768,0.009302044987951431,0.02230891888896582,0.005471461102125745,0.010044063800319906,0.0018638353336741021,0.002193182442293509,0.014875064068988279,0.016451130992756788,0.014953679666771785,0.019632953922159035,0.002244564221777877,0.0007883870150465444,-0.00039240928139573856,-0.0005809195856061946,-0.0031827104603756066,0.0012691159151291254,0.01447876531232524,-0.012614101248870871,0.9993707627189118,0.05857451558897142,0.04882845500326749,0.05586321962595015,0.03824296577648795,0.05584262927115773,0.0561275301497626,0.022998827181094878,1.0,0.01307026821711176,0.016262620963104463,0.016253980686797845,0.01616433751395751,0.01634649367641053,0.0062408668235567665,-0.0010439199991561436,-0.014788341587786311
Marcap,0.5205437991018798,0.4981076226066983,0.4830689244271655,0.5369243815141495,0.5158933227485464,0.5015210847177156,0.5349921774555905,0.3763752354402051,0.4840438551020209,0.10786122739875037,0.5319962587813176,0.5092625613579316,0.4702698369831622,0.24733612659434978,0.5243329933359182,0.48676876980346,0.5277119583327028,0.5191985311178059,0.5199049187085616,0.47061755772723507,0.5130542949722003,0.4986591313193456,0.4681318839932185,-7.537573615049348e-05,0.5249082270588861,0.4534372195608271,0.5204145950117006,0.3814482437110003,0.5064099710344501,-0.5309892064966195,-0.11524665944879767,0.7440969046833998,0.4756223723772143,0.4324937769505706,0.010726127361592857,0.008378811707665643,0.00888706860724501,0.013463958715051525,-0.0006795090232538273,0.020124845057258322,-0.03757668072140545,-0.003101660383589655,0.1052045856778279,-0.09514609453716781,0.005533434989296692,0.007528400311019871,0.0019560940584205807,-0.006371526444389041,-0.0006259131321366314,-0.0005601167120442394,-0.00856615595371,-0.006120610798410507,-0.004818779171863638,-0.007508673404793758,-0.021829619988864096,-0.0006583976916884247,-0.0010314389537340097,-0.005306491569261117,0.018054149712070856,0.0023946785967278316,0.013787687548795315,-0.02050742138053278,0.012183489053346392,0.0518458608462387,0.024362376095042933,0.038086525620678616,0.03454640362977346,0.049141231528363624,0.05133135549065453,-0.013194424919955703,0.01307026821711176,1.0,0.32743619608967955,0.32756033494290193,0.32641870811734247,0.3285176266213997,0.25210512870226426,0.029956991903313555,0.21443384430298196
Close,0.3384817510545105,0.33610026748367194,0.31973941859154087,0.34348607866773667,0.31633888466629156,0.30377183431520727,0.37908807067893663,0.16182435091351605,0.3167832381356497,0.31225930467260654,0.39774025118566425,0.30094079229406806,0.2879100742805705,0.22188159290805776,0.3204293967388336,0.27863048694600534,0.32982235491768025,0.30482249137159484,0.3617744739150362,0.32073531759553897,0.35323571204618825,0.27515096496683955,0.2622467828450829,-0.0002807516235300462,0.3655074430516941,0.3696244071073858,0.36198065309108796,0.16734735381700308,0.321420243072342,-0.33890448747542046,0.018930547769601264,0.32827103849586975,0.24497489773457176,0.24126115180562113,0.10156996480798164,0.022547119215891642,0.029723526844685343,-0.0026326427207887175,-0.022552423536637112,0.022507655589490173,-0.053203717737617076,-0.01001312501026401,0.39954305217786207,-0.3373289920385463,0.015148551581384664,0.033209136428205506,0.0060616680805828495,-0.0040027379129528775,0.0010974630190622933,0.006836565356103122,0.012145896110845197,0.00926570054750286,-0.0057741708202996124,0.015228154854250265,-0.05653767182311104,-0.0241903027878063,-0.0015777057369647514,-0.021129117021532487,0.008679102491275615,0.026480795918374662,0.011998199295761887,-0.029891254340164874,0.013903598290301722,0.09912641068704525,0.0568095538660159,0.07841540123798472,0.07066497349443404,0.09475297936872622,0.09939837105149239,-0.0044934778916971545,0.016262620963104463,0.32743619608967955,1.0,0.9999746280519937,0.9999528299666597,0.9999661517893563,-0.033127113437391144,0.03286670174310376,0.1194728364513665
Open,0.33843878568216823,0.3360025076368072,0.31967501767837103,0.3435200719613199,0.31642787079065865,0.30376824284468373,0.37905845850895614,0.16189837588188416,0.3167915001758763,0.3118472997844079,0.39759559665089383,0.300902943152713,0.2877709407412624,0.22194310960113597,0.32042506249985675,0.27874372174028905,0.32983641690577786,0.30493701059948464,0.361628656434742,0.3205493274267919,0.353220084178794,0.2752299520845755,0.262339168190206,-0.0002822563707332536,0.36544490185895895,0.36956043572389613,0.36176871170832503,0.1674157493259079,0.3212637536153088,-0.3388738179376494,0.019203165888551678,0.3283789977982087,0.24507332854384378,0.2412410049753041,0.10142463971256975,0.022521300322790625,0.029660006774036175,-0.0026700988729202626,-0.022605964055914033,0.02249635088505075,-0.05309199275115886,-0.010009080622753418,0.39924521201883134,-0.3371437338792773,0.015121901012365959,0.03315986691789097,0.006055271619273252,-0.0040381745762350695,0.0010928292135248604,0.00680605359058486,0.012051361526522288,0.009230434376618076,-0.005784219485492282,0.015071313540399055,-0.05652012096146117,-0.024215567666631077,-0.0015680988498310094,-0.021133229564568975,0.008699766898657176,0.02647977097975411,0.011833229337140554,-0.029742648194733885,0.013899760010554544,0.09894085757612747,0.05670598117223737,0.07825484217174793,0.07055463523988997,0.09458722558669702,0.09921169989953789,-0.004492086525286151,0.016253980686797845,0.32756033494290193,0.9999746280519937,1.0,0.9999810631489398,0.9999640355777124,-0.03308125983277222,0.03287251957021471,0.11960686133136901
High,0.337658413045771,0.33524041988139663,0.31893457312042284,0.34274200941413857,0.31564605913765365,0.3030552469215103,0.37826929970216244,0.16128871545884668,0.3164646948594673,0.3119419119561286,0.3966110189174097,0.3001127212642721,0.28703500551981875,0.22151916954522885,0.3196607243698806,0.2780282578010061,0.32904133998854596,0.30412781125296706,0.36093137324947566,0.3196355173428922,0.35259304685701776,0.27458958914582354,0.2617346106298132,-0.0002914148475344402,0.36479662887634257,0.3689163339379564,0.36114590216854786,0.16679371793035,0.32061134456161655,-0.33837424174507835,0.020061693555374023,0.32719423203461934,0.2443167813420474,0.24054827758685945,0.10175521928927277,0.022312400111347663,0.029511591003151573,-0.0026723191863332546,-0.022598936788819787,0.022505866656104323,-0.052879989249129504,-0.009959157164951944,0.3991572691302475,-0.3371244089788883,0.015161716764506297,0.03325084617700733,0.006074702690569756,-0.00390250413197472,0.0011413851744434748,0.006828180366005484,0.01238168286064872,0.009472370230544331,-0.005718372857554602,0.015433521130262456,-0.05660120250216047,-0.024216310427890388,-0.0015809865304764667,-0.021083646045575517,0.008712369950377549,0.026383310958653906,0.011332339388429397,-0.028932184028406086,0.013826948309841358,0.0981153900968822,0.05620861125657115,0.07767090798402601,0.0700205885010239,0.09375466712355213,0.09837579975819792,-0.004379303137253759,0.01616433751395751,0.32641870811734247,0.9999528299666597,0.9999810631489398,1.0,0.9999057583662126,-0.03269844777279421,0.033034741690960226,0.12049712324084855
Low,0.3390515222692184,0.33661163460854093,0.32024772791837963,0.34410189665197144,0.3170171924308292,0.304317040513006,0.3796909304971956,0.16240978520021687,0.3169566895587724,0.3119524734351987,0.39842550697887225,0.30151556711831073,0.28835804789078445,0.22219534641508373,0.3209899951495276,0.27924586483171876,0.33044784807449024,0.30555987348119573,0.36215000443385054,0.321307673080913,0.3536519134123522,0.27570901484263555,0.26279123559360784,-0.00027848964391475,0.36590564826330174,0.3700221921237041,0.36220201781968214,0.16793477357751962,0.3217804191210409,-0.3391817475345856,0.018230998870067777,0.3293914858425729,0.2456772875449668,0.24177414857703877,0.1011008637989965,0.022624777833231125,0.02974085052931998,-0.0027011985683925576,-0.022641672229924095,0.022455201962180014,-0.05322348374555895,-0.010045547607730344,0.39933484803447206,-0.3372158878582409,0.015060002290242515,0.03301655041117949,0.006031769032994807,-0.00415041840223008,0.0010506500786970107,0.00679327522152976,0.01175295125255503,0.009001837999568931,-0.00584160245429433,0.014734994542050135,-0.056470804592537206,-0.0242443793858475,-0.0015519412773942508,-0.021155203252803623,0.008697149674892258,0.02654346531264584,0.012307396719356049,-0.03042463919568315,0.013977567503257883,0.09971039981668553,0.057114492274211524,0.07880612302382886,0.07103528522147219,0.09535801184926893,0.09998973927437865,-0.004618101431788253,0.01634649367641053,0.3285176266213997,0.9999661517893563,0.9999640355777124,0.9999057583662126,1.0,-0.03333339563504389,0.03276838231091347,0.11862825015669866
Volume,0.09555581627457065,0.09081215597935206,0.09166742174537842,0.09580321283577697,0.08512910346980336,0.09020991910901335,0.09198879330288791,0.12238336572928106,0.09945373751994704,0.037662756930413564,0.07936891635542054,0.09843144308796468,0.09407441026296269,0.03121774524978427,0.09971608278437724,0.08919389928456696,0.10293823519539837,0.10405275818414592,0.08437227624684933,0.07682125226093371,0.0998994434187813,0.12766741491394232,0.12159576953142534,-0.0024677388244593334,0.09475373198221211,0.06034843885246595,0.09820976155136621,0.11697119575784969,0.09519148905942812,-0.10316176639051075,-0.005918686282688767,0.14924708254845093,0.09574939560969535,0.09425478215467956,-0.02202485796552729,-0.0538621049883196,-0.054249608797360044,0.007457663138299574,0.0033479659492155088,0.01038351036744848,0.0030088082497217177,0.007937799088702286,-0.033197068909516236,0.01937754192039279,-0.01915987232993393,-0.05627229010050722,-0.00694636114582865,0.0042258909969014324,0.0010314051027827712,0.00244516182038508,0.0014011989373377133,0.001752783554002038,0.14838589758862927,0.0001484131254211788,-0.010769324093384536,-0.0010959790181741286,-0.001922917931023126,0.014202993370744094,0.013440265819748592,-0.03544100354204708,-0.03912734344510946,0.09002662223096272,0.009359049893155762,-0.0985105010104043,-0.05496387174774323,-0.0716460482892047,-0.06513206419419866,-0.09639362877214326,-0.09718488494623732,-0.0405457292115732,0.0062408668235567665,0.25210512870226426,-0.033127113437391144,-0.03308125983277222,-0.03269844777279421,-0.03333339563504389,1.0,0.010558190979961319,0.15261010673376474
PER,0.002682001943203748,0.0020814372214763978,0.000528040173945998,0.0036618943936911506,0.005596713315609171,0.002143971820462923,0.004447102217927286,-0.0004390511055273043,0.010623156752860918,0.008626174076744347,0.0026019899197515244,0.0018615400524004413,0.0010732358073986172,-0.0031831472370593902,0.0019842898851633872,0.003977494862764261,0.0017408922806624201,0.002892991079033314,0.0040140356384565845,0.0021585319713893912,1.8764762969598777e-05,0.00158703667072245,-0.0011350954837649073,-7.891619327387019e-05,0.0015099596549066551,-0.002125791675219022,0.0013560520055591523,0.00016342857828931045,0.0002468611651401366,-0.003588736902330876,0.004094981908329218,0.015831908749551062,0.004087889597078375,-0.0011699911018253528,0.01664177180912016,0.015292496332015739,0.013505057277671033,-0.0022842315410432088,-0.004440402111242777,0.0012744773091130817,0.006637426564951512,-0.0069749673521260925,0.012081079512408352,-0.009105475800598187,0.002758698191207417,0.001793013926209905,0.0016746356099909855,0.02176946790585517,-0.0009599672158832541,-0.002413554312023343,0.026796043619481208,0.010407756648256,0.006664619649788612,0.012881820118698203,-0.032907467635181355,-0.012211332513004625,-0.0019451151070256105,-0.0002759393139095463,-0.004969503910029572,-0.0021839942842252847,0.0030598415958377496,-0.0009791388761434968,-0.0013595308563872015,-0.010365687079648373,0.010107657851010666,0.009192506935459253,-0.007286126308969476,0.0011066739764832025,-0.002768466969104559,0.0054223708030723666,-0.0010439199991561436,0.029956991903313555,0.03286670174310376,0.03287251957021471,0.033034741690960226,0.03276838231091347,0.010558190979961319,1.0,0.05851295193979675
PBR,0.03511787762170966,0.0280516457795718,0.025060596234327936,0.04552012514125794,0.03835140953382508,0.033533284513314374,0.038622942473783506,0.02341414355713329,0.04677551793957496,-0.012668599749740375,0.04657821975817511,0.03547619123767459,0.025322450103555588,-0.01960638026040959,0.03983619675867893,0.03498448575178141,0.040876905571462556,0.039940455472806405,0.0656528042152233,0.05316086749039275,0.05309088553871363,0.04186282552362813,0.03770900141881818,0.007521249064560196,0.05728008052718622,0.04577901163531811,0.06014552875965622,0.023188092655553067,0.04885671238551498,-0.06045770223643324,-0.0008979267126759881,0.1266221442633549,0.04008332623386141,0.01718655041820869,0.16558372724303208,-0.22065212691515787,-0.20543134915993813,0.42806345181926453,0.43776478574824335,0.3585789614601215,0.06403864384962432,0.05004073687212453,0.006955378433344231,0.011022983175544239,-0.43713888212614516,-0.15416111221670695,0.008772170057232047,-0.004147976553235293,0.003458897640927192,-0.007379684136300982,0.020101270441901187,-0.00039419466845945787,-0.001395805659015125,-0.016302267039021597,-0.07560957996809121,0.2531724478167224,-0.006405929824395394,0.018593223448474486,0.08161119542932428,-0.06454916034197701,-0.13854959210562764,0.18152113741530526,-0.00884758927517126,-0.14899798174653187,-0.09126538109986262,-0.11772587196108983,-0.10330744955084331,-0.1451095550505524,-0.11732338388439342,-0.10184370063744112,-0.014788341587786311,0.21443384430298196,0.1194728364513665,0.11960686133136901,0.12049712324084855,0.11862825015669866,0.15261010673376474,0.05851295193979675,1.0
